"국가",1960,1961,1962,1963,1964,1965,1966,1967,1968,1969,1970,1971,1972,1973,1974,1975,1976,1977,1978,1979,1980,1981,1982,1983,1984,1985,1986,1987,1988,1989,1990,1991,1992,1993,1994,1995,1996,1997,1998,1999,2000,2001,2002,2003,2004,2005,2006,2007,2008,2009,2010,2011,2012,2013,2014,2015,2016,2017,2018,2019,2020,2021,2022,2023
"세계",1364504.3,1439319.5,1542844.5,1664977.0,1827784.9,1990239.5,2154637.6,2293872.8,2479011.8,2735531.4,3001559.6,3316060.7,3832675.0,4662491.3,5358933.6,5990674.1,6508276.3,7356785.5,8700846.3,10113430.9,11419164.2,11796482.8,11648085.9,11972210.8,12445989.3,13023992.8,15351689.9,17485079.2,19547533.4,20324144.5,22822610.0,23823551.6,25468013.3,25959419.0,27938851.3,31140610.1,31857694.1,31752297.2,31697043.7,32730998.3,33839387.4,33626960.2,34917697.0,39152139.3,44116244.6,47760320.7,51749808.6,58314867.9,64072295.9,60718262.8,66514174.6,73957792.9,75603976.7,77751368.3,79894385.8,75359657.2,76588030.5,81550955.8,86686870.8,87945574.3,85577718.3,97527032.9,101225059.6,105435039.5
"아시아",,,,,,,,,,,,,,,,,,,,,,,,,,,,,,,,,,,,,,,,,,,,,,,,,,,,,,,,,,,,,,,,
"아프가니스탄",-,-,-,-,-,-,-,-,-,-,-,-,-,-,-,-,-,-,-,-,-,-,-,-,-,-,-,-,-,-,-,-,-,-,-,-,-,-,-,-,3521.4,2813.6,3825.7,4520.9,5224.9,6203.3,6971.8,9747.9,10109.3,12416.2,15856.7,17805.1,19907.3,20146.4,20497.1,19134.2,18116.6,18753.5,18053.2,18799.4,19955.9,14266.5,14502.2,-
"아르메니아",-,-,-,-,-,-,-,-,-,-,-,-,-,-,-,-,-,-,-,-,-,-,-,-,-,-,-,-,-,-,2256.9,2069.9,1272.8,1201.3,1315.2,1468.3,1597.0,1639.5,1893.7,1845.5,1911.6,2118.5,2376.3,2807.1,3576.6,4900.5,6384.5,9206.3,11662.0,8647.9,9260.3,10142.1,10619.3,11121.5,11609.5,10553.3,10546.1,11527.5,12457.9,13619.3,12641.7,13878.9,19513.5,24212.1
"아제르바이잔",-,-,-,-,-,-,-,-,-,-,-,-,-,-,-,-,-,-,-,-,-,-,-,-,-,-,-,-,-,-,8884.8,5344.0,444.7,1570.4,1193.1,2417.3,3176.5,3962.4,4446.4,4581.2,5272.6,5707.6,6236.1,7276.4,8680.4,13245.4,20981.9,33049.4,48851.3,44292.4,52909.3,65952.8,69679.9,74160.6,75239.8,53076.2,37867.0,40866.6,47112.5,48174.2,42693.0,54825.4,78807.5,72356.2
"바레인",-,-,-,-,-,-,-,-,-,-,391.6,422.2,534.1,761.1,1042.2,1099.1,1581.7,1989.1,2272.0,2710.2,3493.8,3943.1,4145.4,4247.0,4440.9,4152.4,3470.7,3856.9,4209.8,4393.1,4809.5,5248.9,5402.2,5913.0,6330.6,6651.2,6938.2,7219.4,7031.3,7528.5,9062.9,8976.2,9593.5,11074.8,13150.2,15968.7,18504.8,21730.0,25710.9,22938.2,25713.3,28776.6,30749.3,32539.5,33387.7,31125.9,32250.1,35423.6,37802.0,38653.3,34621.8,39288.7,44383.3,43205.0
"방글라데시",4274.9,4817.6,5081.4,5319.5,5386.1,5906.6,6439.7,7253.6,7483.7,8471.0,8992.7,8751.8,6288.2,8086.7,12512.5,19448.3,10117.1,9651.1,13281.8,15565.5,18138.0,20249.7,18525.4,17609.0,18920.8,22278.4,21774.0,24298.0,26579.0,28781.7,31598.3,30957.5,31708.9,33166.5,33768.7,37939.7,46438.5,48244.3,49984.6,51270.6,53369.8,53991.3,54724.1,60158.9,65108.5,69476.0,71795.7,79611.6,91637.0,102475.2,115275.5,128607.5,133310.7,149999.0,172886.6,195146.6,265224.5,293732.4,321362.8,351231.7,373979.4,416271.6,460131.7,437415.3
"부탄",-,-,-,-,-,-,-,-,-,-,61.8,66.3,70.1,78.9,92.9,86.8,88.5,97.9,94.1,105.4,128.7,139.2,141.4,156.7,160.4,163.3,191.2,242.7,272.3,264.8,287.8,240.3,240.2,226.0,259.0,290.5,303.4,352.2,363.5,399.3,460.7,496.1,559.3,651.9,735.3,860.4,942.9,1255.8,1317.5,1331.3,1673.5,1938.4,1939.7,1913.2,2057.3,2154.9,2322.7,2591.4,2583.3,2735.7,2457.6,2768.8,2898.2,-
"브루나이",-,-,-,-,-,114.0,132.8,139.0,160.8,161.2,179.1,197.5,270.8,433.1,1073.6,1168.3,1423.0,1732.7,1941.6,2803.8,4928.8,4366.2,4264.2,3844.6,3782.6,3523.5,2358.6,2754.5,2690.7,2985.5,3520.5,3701.8,4183.6,4105.7,4087.2,4734.1,5115.5,5197.3,4051.1,4600.1,6001.3,5601.0,5843.4,6557.4,7872.2,9531.4,11470.5,12247.7,14393.4,10732.6,13707.3,18525.1,19048.4,18094.3,17097.8,12930.3,11400.5,12128.2,13566.9,13469.2,12005.8,14006.5,16681.5,15128.3
"캄보디아",-,-,-,-,-,-,-,-,-,-,-,-,-,-,-,749.1,790.4,716.3,766.6,723.7,744.4,815.2,865.5,939.3,1021.2,1102.7,1167.6,1037.0,1662.9,1353.1,1402.5,2055.0,2491.5,2533.7,2791.4,3441.2,3506.7,3443.4,3120.4,3517.2,3654.0,3984.0,4284.0,4658.2,5337.8,6293.0,7274.6,8639.2,10351.9,10401.9,11242.3,12829.5,14054.4,15228.0,16702.6,18050.0,20016.7,22177.2,24571.8,27089.4,25872.8,26961.1,29504.8,31772.8
"중국",59716.2,50056.7,47209.2,50706.6,59708.1,70436.0,76720.0,72881.4,70846.3,79705.6,92602.6,99800.6,113689.3,138543.2,144189.0,163429.5,153939.3,174935.9,149540.8,178280.6,191149.2,195866.4,205089.7,230686.7,259946.5,309488.0,300758.1,272973.0,312353.6,347768.1,360857.9,383373.3,426915.7,444731.3,564321.9,734484.8,863749.3,961602.0,1029060.7,1094003.9,1211331.7,1339400.9,1470557.7,1660280.5,1955346.8,2285961.1,2752118.7,3550327.8,4594336.8,5101691.1,6087191.7,7551545.7,8532185.4,9570471.1,10475624.9,11061572.6,11233313.7,12310491.3,13894907.9,14279968.5,14687744.2,17820459.5,17881783.4,17794782.0
"키프로스",-,-,-,-,-,-,-,-,-,-,-,-,-,-,-,489.9,576.1,734.9,964.0,1288.7,2154.3,2087.5,2159.2,2160.4,2278.2,2430.4,3090.7,3704.8,4278.8,4563.5,5591.1,5770.2,6912.2,6590.3,7425.7,9933.1,10011.9,9547.8,10248.6,10497.9,9985.8,10397.9,11420.2,14547.3,17320.6,18433.4,20072.8,23968.8,27844.7,26048.2,25799.9,27641.6,25047.4,23959.7,23225.9,19909.3,21046.5,22946.6,25597.3,25947.0,25227.2,29482.9,29250.5,32229.6
"조지아",-,-,-,-,-,-,-,-,-,-,-,-,-,-,-,-,-,-,-,-,-,-,-,-,-,-,-,0.0,0.0,0.0,7500.0,6400.0,3730.0,2701.3,2514.1,2693.8,3095.0,3510.5,3613.5,2800.0,3057.5,3219.5,3395.8,3991.4,5125.4,6410.9,7745.3,10172.9,12795.1,10766.9,12426.9,15475.3,16894.4,17517.7,17966.0,15223.8,15444.5,16473.1,17902.5,17638.3,16010.9,18853.1,24984.6,30535.5
"홍콩",1320.8,1383.7,1612.3,1935.3,2206.5,2435.1,2489.8,2692.5,2717.0,3189.7,3800.8,4476.0,5710.1,8030.1,9388.7,10048.1,12876.4,15719.4,18315.1,22526.2,28861.9,31055.2,32291.2,29907.2,33511.4,35699.8,41075.4,50622.9,59707.4,68790.2,76928.8,88960.0,104272.5,120354.2,135811.8,144652.3,159718.2,177353.2,168885.4,165768.1,171668.9,169404.3,166348.9,161385.6,169099.8,181569.3,193535.4,211596.9,219278.7,214047.8,228638.7,248513.6,262628.9,275696.9,291460.0,309385.6,320860.3,341273.3,361731.1,363074.5,344943.1,368954.2,358696.3,382054.6
"인도",37029.9,39232.4,42161.5,48421.9,56480.3,59556.1,45581.2,50134.9,53085.5,58448.0,62422.5,67351.4,71464.7,85517.7,99526.6,98473.8,102716.5,121486.6,137302.3,152995.4,186328.6,193491.4,200715.6,218262.1,212157.6,232511.6,248986.0,279033.6,296589.7,296042.1,320979.0,270105.3,288208.1,279295.6,327274.8,360281.9,392896.9,415867.6,421351.3,458821.1,468395.5,485440.1,514939.1,607700.7,709152.7,820383.8,940259.9,1216736.4,1198895.1,1341888.0,1675615.5,1823051.8,1827637.6,1856721.5,2039126.5,2103588.4,2294796.9,2651474.3,2702929.6,2835606.3,2674851.6,3167270.6,3353470.5,3549918.9
"인도네시아",-,-,-,-,-,-,-,5667.8,7076.5,8337.4,9150.7,9333.5,10997.6,16273.3,25802.4,30463.9,37269.2,45808.9,51455.7,51400.2,72482.3,85518.2,90158.4,81052.3,84853.7,85289.5,79954.1,75929.6,84300.2,94451.4,106140.7,116622.0,128027.0,158006.7,176892.1,202132.0,227369.7,215749.0,95445.5,140001.4,165021.0,160446.9,195660.6,234772.5,256836.9,285868.6,364570.5,432216.7,510228.6,539580.1,755094.2,892969.1,917869.9,912524.1,890814.8,860854.2,931877.4,1015618.7,1042271.5,1119099.9,1059054.8,1186509.7,1319076.3,1371171.2
"이란",4199.1,4426.9,4693.6,4928.6,5379.8,6197.3,6789.9,7555.4,8623.2,9743.1,10976.2,13731.8,17153.5,27081.7,46209.1,51776.2,68055.3,80600.1,77994.3,90391.9,94362.3,100499.3,125948.8,156365.2,162276.7,180183.6,209094.6,134010.0,123057.9,120496.4,124813.3,-,-,63743.6,71841.5,96419.2,120403.9,113919.2,110276.9,113848.5,109591.7,126878.8,128626.9,153544.8,190043.4,226452.1,266298.9,349881.6,412336.2,416397.0,486807.6,626133.1,644035.5,492775.6,460382.8,408212.9,457954.6,486630.1,329691.9,283649.5,239735.5,359096.9,413394.6,401504.5
"이라크",1537.3,1672.0,1784.2,1805.9,2136.4,2335.8,2530.3,2551.5,2896.6,3007.8,3281.3,3865.3,4113.8,5134.4,11516.8,13458.5,17754.8,19838.1,23762.3,37816.5,52569.0,37823.0,42382.3,40712.9,46938.4,48425.2,47264.5,56774.2,62684.5,65831.9,180408.1,407.8,553.7,1031.9,3991.3,12894.0,10433.7,20764.9,20617.4,36881.6,48364.3,36176.4,32928.5,21921.6,36633.7,50065.1,65147.1,88837.1,131614.4,111657.6,138516.7,185749.7,218002.5,234637.7,228415.7,166774.1,166743.6,187217.7,227367.5,233636.1,180898.8,209691.9,286640.3,250842.8
"이스라엘",3053.0,3687.3,2949.2,3515.7,4001.3,4304.3,4676.4,4735.1,5427.2,6261.8,7364.3,7012.3,9168.8,11835.8,17075.1,16050.0,15864.9,18153.4,17599.4,22480.1,25249.8,26728.0,29087.7,32488.5,30470.0,28740.1,35628.8,42802.9,52349.3,52143.0,61661.4,70592.0,79002.4,79398.3,90220.2,104893.0,114505.9,118859.4,120056.7,120922.9,136035.8,134635.8,125060.6,131299.9,139973.1,147084.0,158670.5,184052.1,220531.1,211970.0,238364.1,266791.9,262282.3,297732.8,314330.1,303414.3,322102.8,358245.4,376691.5,402470.5,413267.7,488526.5,525002.4,509901.5
"일본",47419.2,57266.8,64987.9,74379.3,87490.6,97338.1,113046.8,132475.6,156897.5,184298.8,217223.7,245364.1,324933.8,441460.6,490035.8,532861.4,598883.9,737069.3,1035611.6,1077910.1,1129377.2,1245221.4,1158731.4,1270859.9,1345824.5,1427019.8,2120083.8,2580748.4,3125724.4,3109455.0,3185904.7,3648065.8,3980702.9,4536940.5,4998797.5,5545563.7,4923391.5,4492448.6,4098362.7,4635982.2,4968359.1,4374711.7,4182846.0,4519561.6,4893116.0,4831467.0,4601663.1,4579750.9,5106679.1,5289493.1,5759071.8,6233147.2,6272363.0,5212328.2,4896994.4,4444930.7,5003677.6,4930837.4,5040880.9,5117993.9,5055587.1,5034620.8,4256410.8,4212945.2
"요르단",-,-,-,-,-,599.8,658.0,631.7,561.1,698.9,639.5,678.2,788.5,943.8,1197.5,1363.1,1708.5,2096.8,2602.2,3271.4,3910.0,4383.9,4681.2,4920.7,4967.2,4993.6,6402.1,6756.2,6277.5,4221.4,4160.1,4344.5,5310.8,5606.4,6236.3,6727.6,6927.5,7245.8,7912.3,8149.9,8460.8,8975.8,9582.5,10195.6,11411.7,12589.0,15057.0,17110.4,22658.7,24537.9,27133.8,29524.1,31634.6,34454.4,36847.6,38587.0,39892.6,41608.4,43370.9,44502.8,43700.4,46296.1,48653.4,50813.6
"카자흐스탄",-,-,-,-,-,-,-,-,-,-,-,-,-,-,-,-,-,-,-,-,-,-,-,-,-,-,-,-,-,-,26932.0,24923.1,24917.4,23409.3,21250.8,20374.3,21035.4,22165.9,22135.2,16870.8,18292.0,22152.7,24636.6,30833.7,43151.6,57123.7,81003.9,104849.9,133441.6,115308.7,148047.3,192626.5,207998.6,236634.6,221415.6,184388.4,137278.3,166805.8,179340.0,181667.2,171082.4,197112.3,225496.3,261421.1
"대한민국",3958.8,2417.6,2814.6,3988.5,3459.0,3120.9,3929.1,4855.9,6119.4,7678.7,9005.1,9903.6,10862.2,13876.5,19544.0,21784.3,29902.5,38446.5,51972.1,66946.9,65398.4,72933.5,78358.4,87760.6,97510.7,101296.2,116836.2,147948.7,199591.3,246928.8,283365.8,330647.0,355524.9,392665.7,463619.8,566581.0,610167.1,569755.0,383331.8,497514.0,576179.4,547656.3,627246.9,702714.9,793175.6,934901.1,1053216.9,1172614.1,1047339.0,943941.9,1143672.2,1253289.5,1278046.5,1370633.0,1484488.5,1466038.9,1499679.8,1623074.2,1725373.5,1651422.9,1644312.8,1818432.1,1673916.5,1712792.9
"쿠웨이트",-,-,1828.1,1900.9,2071.7,2097.2,2391.2,2441.6,2662.8,2769.2,2873.6,3880.4,4450.5,5408.8,13006.9,12022.8,13132.3,14137.4,15503.6,24749.1,28638.9,25058.0,21577.2,20871.1,21700.1,21446.0,17904.0,22368.7,20690.3,24313.9,18427.8,11010.0,19858.6,23941.4,24848.5,27187.0,31492.4,30350.2,25943.7,30122.4,37718.7,34889.6,38135.8,47874.6,59439.1,80798.6,101557.3,114634.0,147379.7,105968.7,115416.2,154039.2,174047.7,174168.1,162650.5,114585.6,109406.7,120687.5,138202.5,138696.3,107513.0,141777.3,182809.5,161772.2
"키르기스스탄",-,-,-,-,-,-,-,-,-,-,-,-,-,-,-,-,-,-,-,-,-,-,-,-,-,-,-,-,-,-,2675.0,2569.4,2316.6,2028.3,1681.0,1661.0,1827.6,1767.9,1646.0,1249.1,1369.7,1525.1,1605.6,1919.0,2211.5,2460.2,2834.2,3802.6,5140.0,4690.1,4794.4,6197.8,6605.1,7335.0,7468.1,6678.2,6813.1,7702.9,8271.1,9371.3,8270.5,9249.1,12134.9,13987.6
"라오스",-,-,-,-,-,-,-,-,-,-,-,-,-,-,-,-,-,-,-,-,-,-,-,-,1757.1,2366.7,1776.8,1087.3,599.0,714.0,865.6,1028.1,1127.8,1327.7,1543.6,1763.5,1873.7,1747.0,1280.2,1454.4,1731.2,1768.6,1758.2,2023.3,2366.4,2735.6,3455.0,4223.2,5446.4,5836.1,7131.8,8750.1,10192.8,11983.3,13279.2,14426.4,15912.5,17071.2,18141.6,18740.6,18981.8,18827.1,15468.8,15843.2
"레바논",-,-,-,-,-,-,-,-,-,-,-,-,-,-,-,-,-,-,-,-,-,-,-,-,-,-,-,-,3313.5,2718.0,2838.5,4690.4,5843.6,7941.7,9599.1,11718.8,13690.2,15751.9,17247.2,17391.1,17260.4,17649.8,19152.2,20082.9,21159.8,21497.3,22022.7,24827.4,29118.9,35399.6,38443.9,39927.1,44016.8,46880.1,48095.2,49929.3,51147.3,53027.7,54901.5,51606.0,31712.1,23131.9,20992.4,17937.3
"마카오",-,-,-,-,-,-,-,-,-,-,-,-,-,-,-,-,-,-,-,-,-,-,1142.5,1133.0,1304.4,1362.1,1532.1,1957.7,2288.8,2705.7,3246.5,3765.2,4914.4,5665.6,6311.2,7046.1,7176.9,7267.6,6797.8,6547.7,6774.2,6860.3,7371.7,8246.5,10643.3,12160.1,14874.1,18440.0,21027.0,21587.8,28241.8,36845.9,43189.7,51536.6,54902.8,45048.2,45070.8,50383.9,55190.7,55082.3,25343.5,30969.3,24464.7,47061.8
"말레이시아",1916.2,1901.9,2001.5,2510.1,2674.4,2956.3,3143.5,3188.9,3330.4,3664.6,3864.1,4244.4,5043.3,7662.9,9496.2,9298.8,11050.2,13139.5,16358.1,21213.3,24488.2,25004.3,26804.5,30347.4,33942.9,31199.6,27734.1,32181.2,35272.1,38848.0,44024.6,49143.1,59167.6,66895.0,74478.4,88705.3,100855.4,100005.3,72167.5,79148.4,93789.7,92783.9,100845.5,110202.4,124749.5,143534.4,162692.3,193549.6,230811.6,202257.5,255017.6,297951.7,314443.0,323276.2,338066.1,301355.3,301256.0,319109.1,358788.8,365177.7,337456.2,373832.4,407027.5,399648.8
"몰디브",-,-,-,-,-,-,-,-,-,-,19.3,21.6,25.2,30.9,39.1,24.5,22.4,20.9,24.4,38.5,42.5,44.8,47.9,57.8,109.5,127.2,141.9,141.2,168.5,189.5,215.0,244.4,284.9,322.4,356.0,399.0,450.4,508.2,540.1,589.2,624.3,870.0,897.0,1052.1,1226.8,1163.4,1575.2,1868.4,2271.6,2345.3,2588.2,2774.4,2886.2,3295.0,3697.4,4129.5,4409.9,4816.4,5404.3,5726.1,3712.6,5254.4,6170.6,6600.0
"몽골",-,-,-,-,-,-,-,-,-,-,-,-,-,-,-,-,-,-,-,-,-,2310.1,2552.4,2725.7,2098.7,2186.5,2896.2,3020.6,3204.5,3577.0,2560.8,2379.0,1317.6,768.4,925.8,1452.2,1345.7,1180.9,1124.4,1057.4,1136.9,1268.0,1396.6,1595.3,1992.1,2523.5,3414.1,4235.0,5623.2,4583.9,7189.5,10409.8,12292.8,12582.1,12226.5,11619.9,11181.4,11480.8,13178.1,14206.4,13313.0,15286.4,17146.5,19872.2
"미얀마",545.1,605.6,634.5,599.0,411.4,367.1,293.1,420.4,560.0,571.9,563.6,587.4,662.2,719.8,1225.6,1061.1,1204.7,873.6,935.4,952.3,1038.2,1111.0,1481.2,1381.6,1304.1,1478.9,1582.9,1562.4,1541.1,2013.4,2115.2,2069.8,2411.6,3163.0,4432.3,5289.2,6123.6,4722.3,6459.5,8486.8,8905.1,6477.8,6777.6,10467.1,10567.4,11987.0,14502.6,20182.5,31862.6,36906.2,49540.8,59977.3,59937.8,60269.7,65531.4,59607.3,63298.4,66053.0,67860.5,75065.1,79006.1,66345.3,62253.0,64815.0
"네팔",508.3,532.0,574.1,496.9,496.1,735.3,906.8,842.0,772.2,788.6,866.0,882.8,1024.1,972.1,1218.0,1575.8,1452.8,1382.4,1604.2,1851.3,1945.9,2275.6,2395.4,2447.2,2581.2,2619.9,2850.8,2957.3,3487.0,3525.2,3627.6,3921.5,3401.2,3660.0,4066.8,4401.1,4521.6,4918.7,4856.3,5033.6,5494.3,6007.1,6050.9,6330.5,7273.9,8130.3,9043.7,10325.6,12545.4,12855.0,16002.7,21573.9,21703.1,22162.2,22731.6,24360.8,24524.1,28971.6,33111.5,34186.2,33433.7,36924.8,41182.9,40908.1
"오만",-,-,-,-,-,63.3,67.8,107.2,188.9,240.0,256.3,301.0,366.9,483.1,1645.9,2096.7,2560.2,2741.2,2740.3,3733.4,5981.8,7259.1,7554.7,7932.5,8821.4,10005.6,7324.2,7811.2,8386.2,9372.2,11685.0,11341.5,12452.3,12493.1,12918.9,13802.6,15277.8,15837.5,13996.9,15593.5,19507.5,19452.0,20142.8,21633.7,24763.7,31082.0,37215.8,42085.4,60905.5,48388.4,64993.5,77497.5,87408.8,89936.0,92699.1,78710.8,75128.7,80856.7,91505.9,88060.9,75909.4,88192.0,114667.4,108192.5
"파키스탄",3749.3,4118.6,4310.2,4630.8,5205.0,5929.2,6561.1,7464.5,8042.0,8683.1,10027.5,10665.9,9415.0,6383.4,8899.2,11230.6,13168.1,15126.1,17811.5,19688.4,23654.4,28100.6,30726.0,28691.9,31151.8,31144.9,31899.1,33351.5,38472.7,40171.1,40010.4,45625.3,48884.7,51810.0,52293.5,60636.1,63320.2,62433.3,62192.0,62973.9,99484.8,97145.6,97923.3,112371.9,132216.0,145208.6,161871.4,184140.9,202203.7,187337.8,196709.6,230586.6,250107.0,258657.2,271390.5,299963.6,313630.0,339205.5,356128.2,320909.5,300425.6,348516.6,374788.0,338368.5
"필리핀",7515.9,8171.2,4954.6,5505.0,5953.8,6517.3,7189.0,7724.9,8632.7,9571.8,7559.1,8375.1,9067.8,11412.4,15607.9,16875.2,19381.1,22283.1,25762.2,31218.3,36848.1,40499.4,42206.0,37759.2,35730.2,34961.5,33987.2,37791.5,43152.1,48513.8,50508.3,51784.1,60422.3,62036.5,73159.3,84644.3,94648.1,94106.3,74492.4,85640.2,83669.8,78921.2,84307.3,87039.1,95002.0,107420.0,127652.9,155980.4,181624.6,175974.8,208368.9,234216.7,261920.5,283902.8,297483.6,306445.9,318627.0,328480.7,346841.9,376823.4,361751.1,394087.4,404353.4,437146.4
"카타르",-,-,-,-,-,-,-,-,-,-,301.8,387.7,510.3,793.9,2401.4,2512.8,3284.3,3617.6,4052.0,5633.0,7829.2,8661.3,7596.7,6467.6,6704.4,6153.3,5053.0,5446.4,6038.2,6487.9,7360.4,6883.5,7646.2,7156.6,7374.5,8137.9,9059.3,11297.8,10255.5,12393.1,17759.9,17538.5,19363.7,23533.8,31734.1,44530.5,60882.1,79712.1,115270.1,97798.4,125122.3,167775.3,186833.5,198727.6,206224.6,161740.0,151732.2,161099.1,183335.0,176371.3,144411.4,179732.0,235770.4,-
"사우디아라비아",1748.1,1920.8,2130.6,2207.4,2371.8,2648.0,2920.6,3257.0,4187.8,4485.8,5377.3,7184.8,9664.3,14947.4,45413.0,46773.2,64005.7,74189.0,80266.5,111858.4,164539.7,184291.4,153240.3,129171.6,119624.9,103897.8,86961.9,85695.9,88256.1,95344.5,117630.2,132223.2,137087.9,132968.0,135174.9,143343.1,158662.5,165963.7,146775.5,161717.1,189514.9,184137.6,189605.9,215807.7,258742.1,328459.6,376900.1,415964.5,519796.8,429097.9,528207.2,676634.7,741849.9,753864.5,766605.9,669484.3,666000.0,714994.7,846583.7,838564.8,734271.2,874156.0,1108571.5,1067582.9
"싱가포르",704.8,764.6,826.2,917.6,894.2,974.6,1096.4,1238.0,1425.7,1659.9,1920.6,2263.8,2721.4,3696.2,5221.5,5633.7,6327.1,6618.6,7517.2,9296.9,11896.3,14175.2,16084.3,17784.1,19749.4,19156.5,18586.7,20919.2,25371.5,30465.4,36144.3,45466.2,52131.3,60603.8,73688.7,87812.5,96293.1,100123.8,85728.2,86286.8,96076.5,89793.8,92538.4,97646.4,115033.6,127807.8,148627.3,180941.7,193617.3,194150.3,239808.0,279356.5,295092.9,307576.4,314863.6,307998.5,319053.9,343257.2,376892.7,376901.6,349488.4,434111.6,498474.5,501427.5
"스리랑카",1409.9,1444.3,1434.2,1240.7,1309.7,1698.3,1751.5,1859.5,1801.3,1965.5,2296.5,2369.3,2553.9,2875.6,3574.6,3791.3,3591.3,4104.5,2733.2,3364.6,4024.6,4415.8,4768.8,5167.9,6043.5,5978.5,6405.2,6682.2,6978.4,6987.3,8032.6,9000.4,9703.0,10338.7,11717.6,13029.7,13897.7,15091.9,15795.0,15656.3,16330.8,15749.8,16536.5,18881.8,20662.5,24405.8,28279.8,32350.2,40713.8,42066.2,58636.2,67753.3,70447.2,77000.6,82528.5,85141.0,88012.3,94376.2,94493.9,89015.0,84304.3,88609.3,74144.9,84356.9
"시리아",857.7,945.2,1110.6,1200.4,1339.5,1472.0,1342.3,1580.2,1753.7,2245.0,2140.4,2589.9,3059.7,3239.5,5159.6,6827.0,7633.5,7696.0,9275.2,9929.7,13062.4,15518.2,16298.9,17589.3,17503.1,16403.5,13293.2,11356.2,10577.0,9853.4,12308.6,12981.8,13253.6,13696.0,10122.0,11396.7,13789.6,14505.2,15200.8,15873.9,18937.1,20237.0,20669.4,21828.1,25087.0,28859.0,33751.8,40465.3,52557.9,54111.7,61390.8,67539.4,43190.3,21361.3,21502.1,16466.9,12597.9,16369.8,21497.8,22583.0,11155.9,8980.1,-,-
"타지키스탄",-,-,-,-,-,-,-,-,-,-,-,-,-,-,-,-,-,-,-,-,-,-,-,-,-,-,-,-,-,-,2603.6,2550.9,1908.6,1646.6,1522.0,1231.6,1043.7,921.5,1320.2,1086.6,860.5,1080.8,1221.1,1555.3,2076.2,2312.4,2830.2,3719.5,5161.3,4979.5,5642.2,6522.8,7633.0,8448.4,9112.6,8271.4,6992.4,7536.4,7765.0,8300.8,8134.0,8937.8,10713.5,12060.6
"태국",2760.8,3034.0,3308.9,3540.4,3889.1,4388.9,5279.2,5638.5,6081.0,6695.3,7086.5,7375.0,8177.9,10838.6,13703.0,14882.8,16985.2,19779.3,24006.6,27371.7,32353.5,34846.0,36589.8,40042.8,41797.6,38900.7,43096.8,50535.4,61667.3,72250.7,85343.2,98234.7,111452.7,128889.3,146683.8,169278.9,183035.2,150180.5,113675.6,126669.2,126392.2,120296.5,134300.9,152280.6,172895.7,189318.4,221758.3,262942.6,291383.0,281710.6,341104.8,370818.7,397558.3,420333.7,407339.0,401296.2,413366.3,456356.8,506754.2,543976.7,500461.9,506256.5,495645.2,514945.0
"동티모르",-,-,-,-,-,-,-,-,-,-,-,-,-,-,-,-,-,-,-,-,-,-,-,-,-,-,-,-,-,-,128.2,147.7,187.9,216.9,239.0,262.8,307.0,320.0,325.7,225.4,366.9,477.4,469.5,490.4,440.8,462.3,453.8,542.8,648.5,726.9,881.9,1042.5,1160.6,1395.7,1447.5,1595.2,1652.6,1598.2,1566.2,2027.0,2162.6,3622.0,3204.8,2243.1
"튀르키예",7566.7,7988.9,8922.2,10355.6,11177.8,11966.7,14100.0,15644.4,17500.0,19466.7,17863.6,16166.7,20650.0,26000.0,35414.3,46042.9,51450.0,58683.3,65912.5,89616.1,68823.7,71180.2,64369.3,61803.6,59937.6,67232.8,75673.0,87190.1,90875.2,107127.2,150655.5,151034.7,159104.8,180415.8,130650.4,169319.6,181464.4,189878.4,275942.0,256395.9,274294.6,201753.1,240249.1,314595.6,408865.4,506314.7,557076.2,681321.1,770449.1,649289.3,776967.3,838785.3,880555.9,957799.1,938934.6,864313.8,869682.9,858988.5,778972.2,761005.9,720338.5,819865.3,907118.4,1108022.4
"투르크메니스탄",-,-,-,-,-,-,-,-,-,-,-,-,-,-,-,-,-,-,-,-,-,-,-,-,-,-,-,2500.0,2700.0,2800.0,3000.0,2950.0,3200.0,3181.0,2560.9,2482.2,2378.8,2450.4,2605.7,2450.6,2904.7,3534.8,4462.0,5977.4,6838.4,8103.9,10276.7,12664.2,19271.5,20214.4,22583.2,29233.3,35164.2,39197.5,43524.2,35799.7,36169.4,37926.3,40765.4,45232.9,45818.0,50007.4,56542.9,59887.3
"아랍에미리트",-,-,-,-,-,-,-,-,-,-,686.0,939.9,1415.1,4231.2,11651.5,14720.7,19213.2,24871.8,23775.8,31225.7,43599.2,49333.4,46622.7,42803.3,41808.0,40603.7,33943.6,36384.9,36275.7,41465.0,50701.4,51552.2,54239.2,55625.2,59305.1,65743.7,73571.2,78839.0,75674.3,84445.5,104337.4,103311.6,109816.2,124346.4,147824.4,180617.5,222116.5,257916.1,315474.6,253547.4,300189.1,360832.7,384610.1,400218.5,414105.4,370275.5,369255.3,390516.8,427049.4,417989.7,349473.0,415178.8,507064.0,504173.5
"우즈베키스탄",-,-,-,-,-,-,-,-,-,-,-,-,-,-,-,-,-,-,-,-,-,-,-,-,-,-,-,14352.1,18357.5,20465.3,13362.3,13677.6,12941.3,13099.0,12899.2,13350.5,13948.9,14744.6,14989.0,17078.5,13760.5,11401.4,9687.8,10134.5,12030.0,14307.5,17330.8,22311.4,29549.4,33689.2,49765.7,60178.9,67517.3,73180.0,80845.4,86196.3,86138.3,62081.3,52870.1,60283.5,60224.7,69600.6,81140.8,90889.1
"베트남",-,-,-,-,-,-,-,-,-,-,-,-,-,-,-,-,-,-,-,-,-,-,-,-,-,14094.7,26336.6,36658.1,25423.8,6293.3,6471.7,9613.4,9867.0,13181.0,16286.4,20736.2,24657.5,26843.7,27209.6,28683.7,31172.5,32685.2,35064.1,39552.5,45427.9,57633.3,66371.7,77414.4,99130.3,106014.7,147201.2,172595.0,195590.7,213708.8,233451.5,239258.3,257096.0,281353.6,310106.5,334365.3,346615.7,366474.8,410324.0,429717.0
"예멘",-,-,-,-,-,-,-,-,-,-,-,-,-,-,-,-,-,-,-,-,-,-,-,-,-,-,-,-,-,-,12643.8,14665.4,17959.4,21736.8,28019.5,12796.3,6496.2,6838.3,6322.2,7639.3,9679.3,9853.0,10693.4,11777.5,13867.6,16731.6,19063.1,21650.5,26910.9,25130.3,30906.7,32726.4,35401.3,40415.2,43228.6,42444.5,31317.8,26842.2,21606.2,-,-,-,-,-
"북아메리카",,,,,,,,,,,,,,,,,,,,,,,,,,,,,,,,,,,,,,,,,,,,,,,,,,,,,,,,,,,,,,,,
"버뮤다",84.5,89.2,94.1,96.4,107.6,114.3,134.2,155.1,150.0,164.9,186.3,211.1,235.4,269.5,312.6,345.0,386.3,447.0,475.8,517.2,613.3,739.1,785.5,889.4,985.7,1039.5,1173.5,1296.5,1415.1,1501.5,1592.4,1634.9,1679.9,1820.4,1867.2,2030.8,2695.4,2932.8,3130.7,3324.4,3480.2,3680.5,3937.2,4186.5,4484.7,4868.1,6144.0,6767.0,6980.0,6656.0,6634.5,6312.7,6378.2,6465.8,6414.0,6654.5,6899.9,7142.3,7226.0,7423.5,6887.1,7286.6,7828.0,-
"캐나다",40563.8,41038.2,42336.2,45140.3,49503.7,54649.4,61252.4,65856.9,72048.8,79405.0,88192.3,99606.5,113463.8,131764.3,160949.2,174419.8,207271.6,212325.2,219369.5,243891.1,274776.6,307246.6,314647.8,341866.3,356718.4,366186.0,379006.8,433134.2,509380.0,567212.0,596075.6,612527.7,594387.4,579053.6,579944.3,605961.1,630608.0,654987.0,634000.0,678412.2,744773.4,738981.8,760649.3,895540.6,1026690.2,1173108.6,1319264.8,1468820.4,1552989.7,1374625.1,1617343.4,1793326.6,1828366.5,1846597.4,1805749.9,1556508.8,1527994.7,1649265.6,1725329.2,1743725.2,1655684.7,2007472.2,2161483.4,2140085.6
"그린란드",-,-,-,-,-,-,-,-,-,-,69.5,88.5,106.1,140.2,169.9,211.2,240.8,282.3,356.0,420.6,476.1,435.7,402.4,416.2,379.4,412.9,603.0,787.4,898.6,929.8,1019.0,1016.5,1037.9,927.2,1005.9,1209.0,1197.5,1072.2,1149.9,1131.6,1068.0,1086.2,1169.1,1558.8,1822.5,1849.8,2013.1,2249.8,2499.1,2530.0,2503.2,2684.5,2609.7,2684.9,2842.1,2499.1,2707.1,2851.6,3055.8,2997.3,3082.9,3235.8,-,-
"멕시코",13040.0,14160.0,15200.0,16960.0,20080.0,21840.0,24320.0,26560.0,29360.0,32480.0,35520.0,39200.0,45200.0,55280.0,72000.0,88000.0,88875.9,81912.0,102648.6,134531.9,205577.1,263797.8,184602.6,156167.0,184230.8,195241.1,134556.0,147542.6,181611.2,221403.1,261253.7,313139.7,363157.8,530160.8,553618.2,380157.5,432157.9,523449.5,557461.1,631249.4,742061.3,796064.6,810666.1,765550.0,819459.2,917571.9,1020265.1,1102355.6,1161553.5,943437.4,1105424.2,1229013.7,1255110.4,1327436.3,1364507.7,1213294.5,1112233.5,1190721.5,1256300.2,1305211.1,1120832.4,1313069.8,1463323.9,1788886.8
"미국",541988.6,561940.3,603639.4,637058.6,684144.6,741904.9,813032.8,859620.0,940225.0,1017438.2,1073303.0,1164850.0,1279110.0,1425376.0,1545243.0,1684904.0,1873412.0,2081826.0,2351599.0,2627333.0,2857307.0,3207041.0,3343789.0,3634038.0,4037613.0,4338979.0,4579631.0,4855215.0,5236438.0,5641580.0,5963144.0,6158129.0,6520327.0,6858559.0,7287236.0,7639749.0,8073122.0,8577552.0,9062817.0,9631172.0,10250952.0,10581929.0,10929108.0,11456450.0,12217196.0,13039197.0,13815583.0,14474228.0,14769862.0,14478067.0,15048971.0,15599732.0,16253970.0,16880683.0,17608138.0,18295019.0,18804913.0,19612102.0,20656516.0,21521395.0,21322950.0,23594031.0,25744108.0,27360935.0
"남아메리카",,,,,,,,,,,,,,,,,,,,,,,,,,,,,,,,,,,,,,,,,,,,,,,,,,,,,,,,,,,,,,,,
"앤티가바부다",-,-,-,-,-,-,-,-,-,-,-,-,-,-,-,-,-,77.5,88.0,109.6,132.4,149.4,166.4,184.8,212.2,246.3,297.5,346.8,411.4,455.1,478.7,504.3,525.1,565.6,625.1,616.0,679.1,734.4,789.8,835.5,900.6,877.5,898.0,948.0,1026.2,1143.7,1303.5,1487.3,1557.5,1386.4,1298.3,1281.3,1327.1,1325.4,1378.8,1437.8,1489.7,1531.2,1661.5,1725.4,1410.8,1601.4,1867.7,2033.1
"아르헨티나",-,-,-,-,-,-,-,-,-,-,-,-,-,-,-,-,-,-,-,-,-,-,-,109490.0,112988.6,88416.7,106213.8,109029.4,126928.0,76629.7,141352.7,189720.0,228778.9,236741.7,257440.0,258031.8,272149.8,292859.0,298948.3,283523.0,284203.8,268696.8,97724.0,127587.0,164657.9,198737.1,232557.3,287530.5,361558.0,332976.5,423627.4,530158.1,545982.4,552025.1,526319.7,594749.3,557532.3,643628.4,524819.9,447754.7,385740.5,487902.6,631133.4,640591.4
"아루바",-,-,-,-,-,-,-,-,-,-,-,-,-,-,-,-,-,-,-,-,-,-,-,-,-,-,405.6,487.7,596.6,695.5,764.8,872.1,958.7,1083.2,1245.8,1320.7,1379.9,1531.8,1665.4,1722.9,1873.5,1896.5,1961.8,2044.1,2254.8,2360.0,2469.8,2677.6,2843.0,2553.8,2453.6,2637.9,2615.2,2727.8,2790.8,2962.9,2983.6,3092.4,3276.2,3395.8,2558.9,3103.2,3544.7,-
"바하마",169.8,190.1,212.3,237.7,266.7,300.4,340.0,390.2,444.9,528.1,538.4,573.4,590.9,670.9,632.4,596.2,642.1,713.0,832.4,1139.8,1335.3,1426.5,1578.3,1732.8,2041.1,2320.7,2472.5,2714.0,2817.9,3062.0,3166.0,3111.2,3109.0,3092.0,3259.0,3429.0,3609.0,6332.4,6833.2,7683.9,8076.5,8317.8,8881.2,8870.1,9055.3,9836.2,10167.3,10618.3,10526.0,9982.0,10095.8,10070.5,10720.5,10395.8,10974.1,11671.9,11745.1,12236.7,12615.8,13016.2,9958.2,11368.9,13136.4,14338.5
"바베이도스",80.0,85.4,88.8,99.9,99.3,105.0,113.2,125.6,125.7,141.4,166.2,186.8,213.7,260.8,311.8,402.2,435.9,495.1,552.9,670.4,1012.3,1114.2,1163.9,1236.0,1346.9,1409.5,1547.8,1704.4,1812.8,2006.2,2012.1,2020.6,1957.0,2063.3,2151.3,2217.0,2363.6,2498.4,2817.1,2951.8,3059.5,3054.5,3106.5,3209.5,3444.5,3819.5,4217.3,4675.8,4790.4,4466.8,4534.8,4662.3,4622.7,4693.5,4711.8,4738.7,4848.2,5000.5,5128.3,5367.1,4779.8,4945.3,5840.7,6393.6
"벨리즈",28.1,30.0,31.9,33.8,36.2,40.1,44.5,47.4,45.0,47.4,53.3,59.1,66.0,78.2,103.2,118.2,97.1,117.7,136.3,151.8,197.9,196.1,182.2,192.1,214.4,212.6,231.6,281.1,320.1,369.1,545.7,595.0,693.6,750.0,769.6,816.5,848.2,870.9,926.6,996.9,1134.8,1168.1,1240.1,1303.4,1394.3,1468.1,1584.2,1699.2,1731.9,1681.5,1739.1,1818.8,1899.5,2021.8,2125.1,2194.7,2240.6,2266.7,2292.8,2386.8,2047.7,2424.6,2830.5,3281.5
"볼리비아",373.3,406.0,443.9,478.0,538.6,598.3,662.5,748.3,849.3,920.3,1006.8,1084.7,1286.2,1263.6,2101.3,2405.9,2733.4,3229.1,3760.1,4510.5,4450.4,5778.5,5600.4,5414.0,6169.3,5377.3,3959.4,4348.0,4597.6,4716.0,4867.6,5343.3,5643.9,5734.7,5981.2,6715.2,7396.9,7925.7,8497.5,8285.1,8397.9,8141.5,7905.5,8082.4,8773.5,9549.1,11451.8,13120.1,16674.3,17340.0,19649.7,23963.2,27084.5,30659.3,32996.2,33000.2,33941.1,37508.6,40287.6,40895.3,36629.8,40406.1,44008.3,45849.8
"브라질",-,-,-,-,-,-,-,-,-,-,-,-,-,-,-,-,-,-,-,-,-,-,-,-,-,-,-,-,-,425595.3,384959.8,342534.1,328191.9,368292.0,525369.5,769333.1,850426.4,883206.2,863710.8,599642.0,655448.2,559983.6,509795.3,558233.7,669289.4,891633.8,1107626.5,1397114.5,1695855.1,1666996.4,2208837.7,2616156.2,2465227.8,2472819.5,2456043.7,1802212.2,1795693.5,2063515.0,1916933.9,1873288.2,1476107.2,1670647.4,1951923.9,2173665.7
"케이맨제도",-,-,-,-,-,-,-,-,-,-,-,-,-,-,-,-,-,-,-,-,-,-,-,-,-,-,-,-,-,-,-,-,-,-,-,-,-,-,-,-,-,-,-,-,-,-,4200.3,4466.3,4585.9,4281.7,4156.8,4186.1,4291.0,4405.8,4562.9,4708.2,4909.3,5166.3,5530.2,5941.9,5655.4,6060.0,6600.8,-
"칠레",4110.0,4829.2,5631.3,5591.3,5964.2,6108.7,7162.6,7057.5,7192.1,8359.6,9144.1,10876.1,11833.9,16826.4,16209.7,7621.6,10338.6,13965.6,15992.0,21806.1,29036.7,34509.9,19529.3,20362.0,19671.8,17717.7,18897.1,22250.7,26042.6,29936.7,33137.8,37846.2,45949.6,49287.4,56998.6,73444.8,78584.1,85741.4,81990.0,75578.7,78339.8,71574.7,70264.0,76492.6,99076.0,122294.1,153843.5,172491.1,179894.6,171777.9,217051.2,251382.6,267024.8,277395.0,259561.0,242450.4,249344.9,276154.3,295857.6,278285.1,254042.2,315515.0,302116.5,335533.3
"콜롬비아",4031.2,4540.4,4955.5,4836.2,5973.4,5760.8,5428.5,5825.2,5960.2,6450.2,7198.4,7820.4,8671.4,10315.8,12370.0,13098.6,15341.4,19471.0,23263.5,27940.4,33400.7,36388.4,38968.0,38729.8,38253.1,34894.4,34942.5,36373.3,39212.6,39540.1,47844.1,49638.0,58394.4,66474.1,81705.5,92496.0,97153.4,106656.5,98486.4,86278.9,99875.1,98200.6,97945.8,94645.0,117092.4,145600.5,161793.0,206229.5,242504.2,232468.7,286498.5,334966.1,370691.1,382093.7,381240.9,293492.4,282720.1,311866.9,334198.2,323031.7,270348.3,318524.6,345329.9,363540.2
"코스타리카",507.5,490.3,479.2,511.9,542.6,593.0,647.3,699.5,773.8,853.6,984.8,1077.1,1238.3,1528.9,1666.5,1960.9,2412.6,3072.4,3523.2,4035.5,4831.4,2623.8,2606.6,3146.8,3660.5,3919.2,4419.0,4533.0,4614.6,5251.0,5711.7,7196.3,8564.0,9582.9,10486.8,11578.6,11678.4,12614.6,13684.3,14254.9,15013.6,15976.2,16578.8,17271.8,18610.6,20040.6,22715.5,26884.7,30801.7,30745.7,37658.6,42762.6,47231.7,50949.7,52016.4,56441.9,58847.0,60516.0,62420.2,64417.7,62395.6,64960.7,69243.6,86497.9
"쿠바",-,-,-,-,-,-,-,-,-,-,5693.0,6914.7,8135.2,9987.7,11406.0,13027.4,13789.6,14206.2,17844.7,19584.4,19912.9,20150.3,20953.5,22204.9,24039.4,22920.5,24226.6,25213.9,27459.0,27023.5,28645.4,24316.6,22085.9,22367.3,28448.3,30429.8,25017.4,25365.9,25736.3,28364.6,30565.4,31682.4,33590.5,35901.2,38203.0,42643.8,48835.9,54262.9,56302.1,57481.5,59563.0,68990.0,73141.0,77148.0,80656.1,87132.8,91370.4,96850.6,100050.0,103427.6,107351.8,-,-,-
"도미니카연방",-,-,-,-,-,-,-,-,-,-,-,-,-,-,-,-,-,45.9,57.1,55.0,72.8,82.1,89.5,98.7,109.2,119.5,135.2,151.9,171.1,185.1,201.4,219.8,234.1,245.5,264.4,274.5,292.3,303.0,322.4,331.8,333.5,340.2,333.2,343.3,367.2,364.3,390.3,421.4,458.2,489.1,493.8,501.0,486.0,498.3,520.4,540.7,576.2,521.6,554.8,611.5,504.2,555.3,607.2,654.0
"도미니카공화국",672.4,654.1,824.1,940.8,1025.6,888.1,983.9,1034.8,1079.1,1230.5,1485.5,1666.5,1987.4,2344.8,2925.7,3599.2,3951.5,4587.1,4734.4,5498.8,6761.3,7561.3,8267.4,9220.6,11594.0,5044.6,6122.1,5827.1,5374.3,6686.6,7073.7,9824.5,11605.4,13081.0,14644.7,16637.4,18241.6,20017.5,21672.2,22136.6,24305.8,25601.8,27137.4,21403.2,22322.4,35777.6,37879.8,43965.5,48122.6,48261.1,53860.2,58029.8,60681.5,62682.2,67180.0,71164.8,75704.6,79998.0,85555.4,88941.4,78844.7,94243.4,113537.4,121444.3
"에콰도르",2069.5,1753.9,1518.2,1824.3,2244.1,2387.0,2429.3,2553.6,2582.2,3112.2,2862.5,2754.2,3186.0,3891.8,6599.3,7731.7,9091.9,11026.3,11922.5,14175.2,17881.5,21810.8,19929.8,17152.5,16912.5,17149.1,15314.1,13945.4,13051.9,13890.8,15239.3,16988.5,18094.2,18938.7,22708.7,24432.9,25226.4,28162.1,27981.9,19645.3,17539.5,23127.1,27054.2,30965.2,35194.9,40278.8,45690.8,49848.7,61139.4,60095.0,68151.3,78986.6,87735.0,96570.3,102717.8,97209.6,97671.4,104467.5,107479.0,107595.8,95865.5,107435.1,116586.1,118844.8
"엘살바도르",-,-,-,-,-,877.7,929.5,976.2,1009.8,1049.4,1132.9,1186.1,1263.7,1442.3,1665.9,1884.1,2328.3,2941.6,3128.0,3463.6,3574.0,3437.2,3399.2,3506.3,3661.7,3800.4,3771.7,3958.0,4189.9,4372.2,4817.5,5252.3,5813.4,6680.3,7679.4,8921.9,9586.3,10221.7,10936.7,11284.2,11784.9,12282.5,12664.2,13243.9,13724.8,14698.0,15999.9,17011.8,17986.9,17601.6,18447.9,20283.8,21386.2,21991.0,22593.5,23438.2,24191.4,24979.2,26020.9,26881.1,24921.2,29043.1,31988.9,34015.6
"그레나다",-,-,-,-,-,-,-,-,-,-,-,-,-,-,-,-,-,71.5,88.3,102.2,110.9,115.7,125.4,131.8,145.5,167.7,187.6,215.0,236.4,267.3,278.1,300.8,310.2,309.8,325.1,342.2,366.9,392.2,445.9,482.0,520.0,520.4,540.3,591.0,599.1,695.6,698.7,758.7,826.0,771.3,771.0,778.7,799.9,842.6,911.5,997.0,1061.6,1125.7,1166.5,1213.5,1043.4,1122.8,1224.6,1320.3
"과테말라",1043.6,1076.7,1143.6,1262.8,1299.1,1331.4,1390.7,1453.5,1610.5,1715.4,1904.0,1984.8,2101.3,2569.2,3161.5,3645.9,4365.3,5480.5,6070.6,6902.6,7878.7,8607.5,8717.0,9050.0,9470.0,9721.7,7232.0,7084.4,7841.6,8410.7,7650.2,9406.1,10440.8,11400.0,12983.2,14655.4,15674.8,17790.0,19395.5,18318.4,19288.9,18405.2,20444.2,21576.4,23577.3,26783.4,29744.2,33567.9,38503.7,37126.1,40676.6,46876.0,49593.9,52996.4,57852.2,62186.1,66053.4,71653.8,73328.4,77172.3,77715.2,86053.1,95003.3,102050.5
"가이아나",170.2,185.8,194.9,175.8,194.8,213.2,228.7,250.2,229.8,249.3,267.8,282.1,285.4,307.0,434.0,494.8,454.4,449.9,507.1,530.4,603.2,570.4,482.0,489.3,437.6,453.5,504.7,354.6,413.8,379.8,396.6,348.5,373.6,454.1,540.9,621.6,705.4,749.1,717.5,694.8,712.7,712.2,726.1,743.1,787.8,824.9,2379.8,2731.0,3025.2,3165.7,3432.9,3691.4,4063.1,4167.8,4127.7,4279.8,4482.7,4748.2,4787.6,5173.8,5471.3,8041.4,14718.4,16786.3
"아이티",273.2,271.1,281.9,294.9,325.3,353.3,368.9,369.1,368.0,391.8,331.2,362.8,372.0,466.8,565.4,681.4,879.0,947.0,974.2,1080.6,1383.8,1479.4,1474.2,1623.6,1816.2,2009.4,2318.0,2047.2,2613.9,2736.2,3096.3,3473.6,2257.1,1878.3,2167.6,2813.3,2907.5,3338.9,3723.9,4153.7,6813.6,6332.0,6205.8,5071.9,6087.4,7030.1,7638.7,9228.6,10433.0,11597.0,11859.3,13008.7,13708.9,14902.5,15146.9,14849.6,14069.3,15093.4,16403.9,15016.1,14508.2,20877.4,20253.6,19850.8
"온두라스",335.7,356.2,387.8,410.2,457.0,508.7,550.0,598.1,646.8,668.0,723.0,731.0,803.0,912.5,1034.5,1124.0,1348.0,1669.5,3097.2,3544.3,3968.2,4043.9,4266.5,4476.7,4915.3,5278.1,5677.8,6190.5,5902.7,5432.3,4923.0,4648.7,4943.7,4926.7,4642.3,5347.4,5215.0,5737.1,6366.3,6414.5,7186.6,7651.2,7858.3,8230.4,8869.3,9757.0,10917.5,12361.3,13881.7,14587.5,15839.3,17710.3,18528.6,18499.7,19756.5,20979.8,21717.6,23136.2,24067.8,24882.2,23352.2,28144.3,31426.0,34400.5
"자메이카",699.1,748.0,777.7,826.7,897.9,972.2,1096.8,1148.0,1083.8,1191.2,1404.7,1539.9,1875.1,1905.9,2375.1,2860.4,2966.0,3249.7,2644.5,2425.1,2679.4,2979.0,3293.5,3619.3,2373.6,2100.2,2754.5,3287.0,3828.3,4404.9,4592.2,4106.2,3535.5,5440.1,5452.6,6577.5,7393.9,8400.0,8787.2,8887.1,9005.1,9194.7,9719.0,9430.2,10174.7,11243.9,11930.2,12799.6,13709.4,12120.5,13220.5,14444.7,14807.1,14264.2,13899.2,14188.9,14077.1,14809.0,15730.8,15830.8,13812.4,14657.6,17097.8,19423.4
"니카라과",-,-,-,-,-,-,-,-,-,-,-,-,-,-,-,-,-,-,-,-,-,-,-,-,-,-,-,-,647.2,987.1,1110.5,1690.7,1792.8,1912.6,3861.5,4131.9,4308.1,4390.0,4635.4,4856.0,5109.6,5351.8,5223.7,5322.2,5792.9,6321.3,6763.7,7423.4,8496.9,8298.7,8758.6,9774.3,10532.0,10982.9,11880.4,12756.7,13286.1,13785.9,13025.2,12699.0,12681.5,14144.1,15649.9,17829.2
"파나마",537.1,599.0,652.1,722.8,776.1,852.5,928.8,1034.4,1112.8,1221.3,1351.0,1523.9,1673.4,1913.8,2188.3,2435.3,2588.1,2738.3,3244.6,3704.6,4614.1,5222.4,5769.8,5923.8,6183.4,6541.5,6797.8,6827.7,5902.8,5918.5,6434.0,7074.7,8042.3,8782.6,9365.3,9573.8,9870.5,10677.3,11575.5,12130.3,12304.1,12502.0,12994.3,13694.0,15013.4,16374.4,18141.7,21296.0,25155.9,27116.6,29440.3,34686.2,40429.7,45599.9,49921.4,54091.8,57907.7,62202.7,67294.2,69721.8,57086.8,67406.7,76522.5,83382.4
"파라과이",288.9,322.1,360.7,383.9,408.3,443.6,465.9,492.7,517.7,556.3,594.6,664.6,769.0,995.5,1333.5,1511.4,1699.0,2092.2,2559.9,3416.8,4448.1,5624.5,5419.4,5673.2,4502.5,3282.4,3724.0,3971.0,4255.7,4757.7,5812.1,6984.4,7157.4,7249.5,7871.0,9062.1,9788.4,9965.2,9260.5,8837.1,8855.7,8495.8,7196.3,7691.4,9624.4,10737.5,13429.4,17856.4,24615.3,22355.2,27260.9,33756.2,33271.9,38501.1,40377.9,36211.4,36089.7,38997.1,40225.4,37925.3,35432.2,39950.9,41952.9,42956.3
"페루",-,-,-,-,-,-,-,-,-,-,-,-,-,-,-,-,-,-,-,-,-,-,15203.1,14124.5,20339.3,15044.4,21777.5,36533.5,15439.4,22499.6,26410.4,34341.5,35966.3,34832.1,44882.1,53312.8,55252.4,58147.5,55501.5,50187.3,51744.7,52030.2,54777.6,58731.0,66768.7,76060.6,88643.2,102171.0,120550.6,120823.0,147527.6,171761.7,192650.0,201175.5,200786.3,189803.0,191898.1,211008.0,222597.0,228346.0,201409.7,226354.3,246488.8,267603.2
"푸에르토리코",1691.9,1865.1,2094.4,2333.6,2570.5,2881.5,3170.5,3532.7,3941.7,4460.7,5034.7,5646.8,6328.9,7002.4,7684.8,8198.3,8968.6,9910.9,11165.0,12750.0,14436.1,15955.7,16764.2,17276.6,19162.6,20289.2,22009.3,24025.8,26385.8,28161.2,30603.9,32287.0,34630.4,36922.5,39690.6,42647.3,45340.8,48187.0,54086.4,57841.0,61701.8,69208.4,71623.5,74827.4,80322.3,83914.5,87276.2,89524.1,93639.3,96385.6,98381.3,100351.7,101564.8,102450.0,102445.8,103375.5,104336.7,103445.5,100958.1,105126.4,103130.9,106426.6,113567.2,117902.3
"세인트키츠네비스",12.4,12.5,12.5,12.8,13.4,13.6,14.5,16.7,14.6,15.9,16.3,19.6,22.9,24.2,31.5,33.4,30.1,44.5,49.4,58.8,68.5,80.9,86.0,86.9,98.6,111.0,130.7,147.7,172.7,192.5,217.3,220.5,242.1,263.8,295.2,313.5,333.9,374.6,383.3,406.6,421.7,458.6,481.1,469.9,506.9,547.2,644.4,689.3,777.7,774.3,778.7,836.1,825.4,874.9,952.1,957.2,1006.8,1057.0,1076.5,1107.9,883.9,858.6,981.4,1077.0
"세인트루시아",-,-,-,-,-,-,-,-,-,-,-,-,-,-,-,-,-,-,-,-,170.4,194.4,183.3,197.0,251.5,284.4,340.0,375.6,429.6,486.7,579.6,613.7,674.1,684.8,713.7,763.0,788.9,805.9,877.4,921.9,932.6,892.6,900.0,987.4,1066.7,1135.6,1268.3,1336.1,1437.7,1401.5,1482.4,1568.4,1598.2,1660.2,1749.2,1807.6,1868.5,1998.5,2061.0,2092.1,1497.8,1834.8,2343.7,2519.9
"세인트빈센트그레나딘",13.1,14.0,14.5,13.7,14.8,15.1,16.1,15.8,15.4,16.7,18.5,20.1,27.6,30.2,32.9,33.2,32.8,49.4,60.8,71.1,82.3,102.1,113.8,122.3,135.0,145.6,160.8,175.6,200.7,214.7,240.4,254.8,278.0,286.3,289.4,316.0,331.5,347.8,373.6,390.7,427.9,462.1,487.8,509.1,549.9,579.9,643.5,713.6,732.7,714.3,720.4,713.8,730.0,764.8,770.9,786.6,814.3,844.0,884.3,910.8,869.1,872.2,966.5,1066.0
"수리남",99.7,107.7,116.2,126.0,134.4,154.2,190.4,220.7,241.4,259.7,274.9,301.0,312.0,339.5,409.9,465.5,505.5,641.5,735.5,782.5,795.0,889.0,915.0,883.5,864.0,873.0,891.0,980.0,1161.0,542.6,388.4,448.1,404.6,428.8,605.5,691.6,861.4,926.4,1110.9,886.3,947.7,834.3,1093.6,1274.2,1484.1,1793.4,2626.4,2936.6,3533.0,3875.4,4368.4,4422.3,4980.0,5145.8,5240.6,5126.2,3317.4,3591.7,3996.2,4016.0,2911.8,3081.4,3621.0,3782.4
"트리니다드토바고",535.7,585.0,619.3,678.2,711.9,736.6,723.7,762.0,758.9,779.2,821.9,896.8,1083.4,1308.8,2042.0,2442.7,2500.4,3138.7,3562.3,4602.4,6235.8,6992.1,8140.4,7763.8,7757.1,7375.9,4794.4,4797.8,4496.9,4323.1,5068.0,5307.9,5439.6,4669.5,4947.2,5329.2,5759.5,5737.8,6043.7,6809.0,8154.3,8824.9,9008.3,11305.5,13280.3,15982.3,18369.4,21641.6,27871.6,19172.2,22157.9,25433.0,27334.6,28710.0,29700.0,27026.1,23713.7,24040.3,24569.1,23775.8,20807.6,24496.5,30053.6,28139.9
"터크스케이커스제도",-,-,-,-,-,-,-,-,-,-,-,-,-,-,-,-,-,-,-,-,-,-,-,-,-,-,-,-,-,-,-,-,-,-,-,-,-,-,-,-,-,358.7,366.7,409.8,485.6,578.6,721.9,773.5,862.7,703.2,686.8,728.8,727.2,754.2,841.1,942.1,1032.5,1028.9,1128.7,1177.3,774.7,1045.8,1228.8,1402.1
"미국령버진아일랜드",-,-,-,-,-,-,-,-,-,-,-,-,-,-,-,-,-,-,-,-,-,-,-,-,-,-,-,-,-,-,-,-,-,-,-,-,-,-,-,-,-,-,3262.0,3443.0,3797.0,4428.0,4484.0,4784.0,4244.0,4201.0,4324.0,4223.0,4089.0,3738.0,3565.0,3663.0,3798.0,3794.0,3923.0,4121.0,4189.0,4444.0,-,-
"우루과이",1208.3,1600.0,1763.6,1553.3,1970.6,1893.1,1805.6,1597.1,1592.7,2004.4,2137.1,2807.3,2188.7,3965.0,4091.4,3538.0,3667.7,4114.4,4910.5,7181.5,10162.5,11048.6,9179.0,5102.3,4850.3,4732.0,5880.1,7367.5,8213.5,8439.0,9298.8,11206.2,12878.1,15002.1,17474.6,19297.7,20515.5,23969.7,25385.9,23983.9,22823.3,20898.8,13606.5,12045.6,13686.3,17362.9,19741.4,23797.8,31119.6,32708.3,41950.4,50342.4,54232.3,61337.6,61496.2,57680.3,57480.8,65006.0,65344.4,62222.4,53668.6,60760.8,70164.7,77240.8
"베네수엘라",7663.9,8067.3,8814.3,9608.7,8192.4,8427.8,8781.3,9250.0,10034.4,10285.1,11561.1,12986.6,13977.7,17035.6,26100.9,27464.7,31419.5,36210.7,39316.3,48310.9,59116.5,66327.4,67736.7,67556.3,59867.7,61965.5,60516.1,48029.0,60226.4,43536.7,48607.0,53453.4,60416.5,60037.5,58418.7,77389.5,70543.2,85837.7,91336.8,97972.8,117146.5,122911.0,92893.6,83620.6,112451.4,145513.5,183477.5,230364.0,315953.4,329787.6,393192.4,316482.2,381286.2,371005.4,482359.3,-,-,-,-,-,-,-,-,-
"유럽",,,,,,,,,,,,,,,,,,,,,,,,,,,,,,,,,,,,,,,,,,,,,,,,,,,,,,,,,,,,,,,,
"알바니아",-,-,-,-,-,-,-,-,-,-,-,-,-,-,-,-,-,-,-,-,-,-,-,-,1857.3,1897.1,2097.3,2080.8,2051.2,2253.1,2028.6,1099.6,652.2,1185.3,1881.0,2392.8,3199.6,2258.5,2546.0,3212.1,3480.4,3922.1,4348.1,5611.5,7184.7,8052.1,8896.1,10677.3,12881.4,12044.2,11926.9,12890.8,12319.8,12776.2,13228.1,11386.9,11861.2,13019.7,15156.4,15401.8,15162.7,17930.6,18916.4,22977.7
"안도라",-,-,-,-,-,-,-,-,-,-,78.6,89.4,113.4,150.8,186.6,220.1,227.3,254.0,308.0,411.5,446.4,389.0,375.9,327.9,330.1,346.7,482.0,611.3,721.4,795.5,1029.0,1106.9,1210.0,1007.1,1017.5,1178.7,1224.0,1180.6,1212.0,1240.3,1432.6,1548.3,1764.3,2366.9,2900.2,3161.1,3459.3,3957.6,4102.3,3689.0,3449.9,3629.1,3188.7,3193.5,3271.7,2789.9,2896.6,3000.2,3218.4,3155.1,2891.0,3324.7,3380.6,3727.7
"오스트리아",6650.1,7375.5,7823.7,8447.1,9249.9,10081.1,10982.5,11680.3,12549.0,13701.1,15373.0,17858.5,22059.6,29515.5,35189.3,40059.2,42960.0,51545.8,62052.3,73937.3,82058.9,71034.2,71275.3,72121.0,67985.3,69386.8,99036.2,124168.4,133339.4,133105.8,166463.4,173794.2,195078.1,190379.7,203535.2,241038.3,237250.9,212790.3,218259.9,217259.1,197289.6,197508.8,214394.9,262273.6,301457.6,316092.3,336280.1,389185.6,432051.9,401758.7,392275.1,431685.2,409401.8,430191.0,442584.8,381971.1,395837.4,417261.2,454991.2,444596.2,435049.3,479295.4,470941.9,516034.1
"벨라루스",-,-,-,-,-,-,-,-,-,-,-,-,-,-,-,-,-,-,-,-,-,-,-,-,-,-,-,-,-,-,-,-,9200.0,16416.7,14952.1,13970.4,14756.8,14130.6,15221.4,12138.2,12736.8,12354.8,14594.9,17825.4,23141.6,30210.1,36961.9,45275.7,60752.1,50873.2,57231.9,61762.4,65685.9,75527.6,78812.8,56454.9,47723.5,54725.3,60031.2,64410.1,61371.8,69673.7,73775.2,71857.4
"벨기에",11810.6,12561.7,13436.8,14445.8,16168.0,17597.8,18894.9,20252.5,21654.9,24019.7,26706.2,29821.7,37209.4,47743.8,56033.1,65678.2,71113.9,82839.9,101246.5,116315.5,126829.3,104730.0,92095.9,87184.2,83349.5,86268.3,120018.8,149394.4,162299.1,164221.1,205331.7,210511.0,234781.7,224721.8,244884.1,288025.6,279201.4,252708.1,258528.3,258245.7,236792.5,236746.1,258383.6,318082.5,369214.7,385714.8,408259.8,470922.2,517328.1,483254.2,481420.9,523330.4,496152.9,521791.0,535390.2,462335.6,476062.8,502764.7,543299.1,535865.8,526021.5,600904.5,583614.0,632216.6
"보스니아-헤르체고비나",-,-,-,-,-,-,-,-,-,-,-,-,-,-,-,-,-,-,-,-,-,-,-,-,-,-,-,-,-,-,7753.5,6123.0,4735.0,3630.7,1255.8,1866.6,2786.0,3671.9,4116.8,4686.3,5567.8,5800.6,6728.2,8498.9,10156.5,11222.8,12864.8,15778.7,19112.8,17613.9,17176.3,18644.2,17226.7,18179.1,18558.7,16404.3,17116.9,18326.4,20484.1,20482.6,20226.0,23672.7,24534.7,27054.9
"불가리아",-,-,-,-,-,-,-,-,-,-,-,-,-,-,-,-,-,-,-,-,19839.2,19870.0,19342.0,16563.7,17594.9,17155.4,20249.3,28101.0,22555.9,21988.4,20632.1,10943.5,10350.5,10832.1,9697.4,18991.5,12295.0,11316.1,15031.1,13627.3,13246.0,14183.4,16403.0,21145.0,26157.7,29868.7,34380.5,44432.8,54480.7,52023.8,50760.9,57737.0,54288.1,55852.1,57157.8,50812.0,53964.3,59309.7,66370.1,68881.0,70368.8,84041.5,90346.2,101584.4
"샤넬군도",-,-,-,-,-,-,-,-,-,-,-,-,-,-,-,-,-,-,-,-,-,-,-,-,-,-,-,-,-,-,-,-,-,-,-,-,-,-,5945.7,6262.7,6439.7,6232.9,6663.7,7332.2,8553.6,8827.3,9676.2,11514.6,-,-,-,-,-,-,-,-,9072.1,9071.0,9940.8,9921.4,9301.3,11138.5,11228.3,-
"크로아티아",-,-,-,-,-,-,-,-,-,-,-,-,-,-,-,-,-,-,-,-,-,-,-,-,-,-,-,-,-,-,25650.2,18760.4,10621.2,11259.6,15062.9,22778.3,24147.5,24172.6,25885.2,23770.7,22128.4,23062.6,26758.0,35256.1,41855.2,45025.7,49601.7,59320.1,68526.3,62093.3,58836.4,62772.6,57411.4,59589.2,59489.4,51011.2,52740.1,56322.4,61861.1,61867.2,58221.3,69602.2,71997.1,82688.8
"체코",-,-,-,-,-,-,-,-,-,-,-,-,-,-,-,-,-,-,-,-,-,-,-,-,-,-,-,-,-,-,40729.0,29859.9,34805.0,40866.7,47850.2,60147.2,67387.8,62180.2,66807.4,65173.1,61828.2,67808.0,82196.0,100090.5,119814.4,137143.5,156264.1,190183.8,236816.5,207434.3,209069.9,229562.7,208857.7,211685.6,209358.8,188033.1,196272.1,218628.9,249000.5,252548.2,245974.6,281791.2,290565.7,330858.3
"덴마크",6361.2,7058.4,7953.3,8466.0,9677.4,10870.7,11931.7,13059.1,13505.6,15414.9,17075.5,19085.7,23232.4,30730.6,34160.4,40474.4,44575.9,49784.3,60362.9,70366.2,71127.5,61877.8,60412.8,60644.8,59105.2,62658.6,88078.8,109414.4,115552.8,112409.2,138247.3,139224.7,152915.7,143195.6,156162.4,185006.9,187632.3,173537.6,176991.9,177965.2,164158.7,164791.4,178635.2,218096.0,251373.0,264467.3,282884.9,319423.4,353361.0,321241.3,321995.3,344003.1,327148.9,343584.4,352993.6,302673.1,313115.9,332121.1,356841.2,346498.7,354762.7,405688.0,400167.2,404198.8
"에스토니아",-,-,-,-,-,-,-,-,-,-,-,-,-,-,-,-,-,-,-,-,-,-,-,-,-,-,-,-,-,-,-,-,-,4013.1,4123.0,4503.0,4786.0,5154.4,5674.1,5756.9,5686.6,6254.6,7368.0,9874.0,12145.9,14106.8,17022.9,22449.1,24341.7,19633.0,19523.5,23214.0,23019.2,25115.8,26634.1,22890.8,24072.8,26924.4,30624.7,31290.5,31330.4,36864.8,37921.5,40744.8
"유로지역",251547.9,280001.2,309682.8,340867.4,377688.8,412852.3,446696.8,474740.4,510444.8,570281.6,645797.5,731954.1,884219.5,1147887.9,1301780.0,1509429.7,1575250.8,1791799.4,2194147.3,2657918.9,2976836.2,2587111.7,2504826.7,2443641.2,2343942.5,2408039.7,3379545.0,4180009.8,4597153.4,4695807.0,5909782.1,6130268.7,6751656.9,6180929.6,6528765.0,7538490.2,7628743.2,6976433.3,7175152.6,7139949.5,6517629.7,6619382.6,7226691.6,8897545.9,10202235.3,10568560.0,11233646.6,12938432.0,14226784.2,13000703.0,12700582.1,13700831.6,12695678.6,13255654.5,13570070.4,11727106.0,12025904.5,12736901.1,13761117.1,13481146.1,13155164.1,14754625.1,14224347.0,15544858.7
"페로제도",-,-,-,-,-,58.0,64.4,66.2,65.2,70.1,84.9,99.2,119.3,161.2,196.8,227.4,270.5,347.8,397.8,448.6,493.0,456.2,444.0,486.6,426.0,459.3,688.9,886.5,968.6,871.9,960.8,909.3,912.7,761.0,758.7,901.4,989.5,933.8,1104.7,1127.7,1067.1,1160.3,1275.1,1501.9,1724.8,1759.7,2017.7,2339.0,2489.9,2296.1,2331.8,2505.7,2427.2,2690.1,2914.0,2573.9,2813.3,2980.1,3188.6,3266.4,3262.0,3655.1,3555.9,-
"핀란드",5279.0,5983.9,6407.2,6958.3,7848.3,8679.6,9305.3,9467.4,8915.8,10176.6,11357.5,12527.4,14743.2,19472.4,24848.8,29472.6,31849.5,33499.8,36256.2,44465.3,53645.2,52448.3,52797.6,50973.5,52888.8,55875.9,73531.6,91594.8,109059.0,119012.1,141438.3,127773.9,112532.5,89214.1,103299.9,134189.8,132129.2,126912.2,134038.7,135264.1,126019.5,129533.1,140404.5,171652.5,197479.4,204885.5,217089.3,256378.1,285716.3,253497.5,249424.3,275604.4,258290.1,271362.4,274862.8,234534.4,240771.4,255648.0,275708.0,268514.9,271886.1,296470.4,281887.4,300187.2
"프랑스",62225.5,67461.6,75607.5,84759.2,94007.9,101537.2,110045.9,118973.0,129785.4,141903.1,148456.4,165966.6,203494.1,264429.9,285553.7,360832.2,372319.0,410279.5,506709.3,613953.1,701288.4,615552.2,584877.7,559869.2,530683.8,553138.4,771470.8,934173.3,1018847.0,1025211.8,1269179.6,1269276.8,1401465.9,1322815.6,1393982.8,1601094.8,1605675.1,1452884.9,1503108.7,1493151.7,1365639.7,1377657.3,1501409.4,1844544.8,2119633.2,2196945.2,2320536.2,2660591.2,2930303.8,2700887.4,2645187.9,2865157.5,2683671.7,2811876.9,2855964.5,2439188.6,2472964.3,2595151.0,2790956.9,2728870.2,2647418.7,2959355.8,2779092.2,3030904.1
"독일",84311.0,96205.7,105508.9,111822.8,122880.2,134282.7,142781.2,144571.0,155955.9,177084.7,215838.4,249985.1,299801.5,398374.0,445303.5,490636.5,519754.5,600498.2,740470.0,881345.2,950290.9,800472.1,776576.4,770684.3,725111.1,732534.9,1046259.4,1298176.1,1401233.2,1398967.4,1771671.2,1868945.2,2131571.7,2071323.8,2205074.1,2585792.3,2497244.6,2211989.6,2238990.8,2194945.3,1947982.0,1945791.0,2078484.5,2501640.4,2814353.9,2846864.2,2994703.6,3425578.4,3745264.1,3411261.2,3399667.8,3749315.0,3527143.2,3733804.6,3889093.1,3357585.7,3469853.5,3690849.2,3974443.4,3889177.6,3887727.2,4278503.9,4082469.5,4456081.0
"그리스",4335.2,4961.4,5213.0,5895.3,6669.7,7689.1,8591.5,9275.6,10090.7,11615.7,13139.9,14591.8,16885.5,22347.8,25351.3,28525.9,31152.8,36176.2,44270.2,54481.9,56829.7,52346.5,54618.0,49428.9,48020.0,47820.9,56379.6,65652.8,76261.3,79169.0,97891.1,105143.2,116224.7,108809.1,116601.8,136878.4,145861.6,143157.6,144428.2,142588.9,130457.8,136309.3,154564.2,202370.1,240963.6,247875.4,273546.7,318902.8,355908.7,331308.5,297125.0,282995.9,242029.3,238907.7,235458.1,195683.5,193148.1,199844.4,212049.4,205252.8,188480.3,214667.8,217581.3,238206.3
"헝가리",-,-,-,-,-,-,-,-,4870.3,5412.1,5762.1,6271.0,7355.2,9108.5,9983.7,11383.1,13192.4,14735.4,17230.4,19894.6,23041.6,23628.6,24062.9,21838.9,21173.4,21440.5,24697.3,27143.2,29702.6,30323.3,34365.9,34753.6,38730.6,40124.9,43166.7,46425.7,46658.8,47297.0,48706.8,49073.4,47218.4,53750.0,67608.9,85285.1,104120.8,113211.2,115715.6,140186.7,158325.6,131069.3,132175.3,141942.3,128814.3,135684.3,141033.8,125174.2,128609.8,143112.2,160565.6,164020.5,157289.0,182110.0,177006.1,212388.9
"아이슬란드",252.2,257.7,289.2,345.2,440.8,531.6,638.3,630.6,481.5,420.9,526.7,670.3,839.7,1154.4,1515.2,1406.9,1669.5,2208.5,2511.8,2853.4,3381.4,3493.0,3206.6,2766.0,2864.4,2984.1,3989.6,5520.3,6106.6,5672.6,6468.7,6909.7,7081.0,6218.6,6389.5,7123.6,7426.1,7569.7,8503.7,8982.0,9025.7,8234.8,9318.4,11429.3,13825.3,16853.0,17465.3,21652.5,18074.6,13154.4,13751.2,15221.6,14751.5,16125.1,17867.7,17517.2,20793.2,24728.3,26260.9,24681.3,21630.0,25797.9,28701.8,31020.0
"아일랜드",1998.6,2151.8,2329.4,2505.1,2851.1,3035.7,3198.8,3445.7,3378.7,3902.7,4396.0,5098.3,6318.1,7481.2,7896.9,9483.8,9453.8,11248.3,14648.0,18319.3,21747.9,20670.2,21474.8,20766.0,20106.6,21270.0,28714.6,33920.5,37772.9,39238.4,49305.6,49787.5,55918.5,52417.5,57097.7,69139.8,75790.8,82856.6,90199.4,98894.0,100207.6,109346.7,128596.0,164670.8,194372.1,211877.0,232180.6,270079.3,275447.5,236443.1,221913.6,239170.6,225118.7,238112.5,259681.9,292364.2,298559.3,337241.8,386693.4,398933.0,428608.7,513391.8,533140.0,545629.5
"맨섬",-,-,-,-,-,-,-,-,-,-,-,-,-,-,-,-,-,-,-,-,-,-,-,-,-,-,-,-,-,-,-,-,-,-,-,914.8,1023.0,1181.0,1382.6,1567.4,1563.7,1659.1,1947.3,2328.7,2822.4,3032.4,3422.7,4466.4,5928.8,5486.9,5920.4,6565.7,6690.2,7001.2,7708.5,7084.8,6846.4,6979.8,7491.6,7315.0,6684.2,7931.2,-,-
"이탈리아",41915.8,46542.2,52293.3,59897.9,65569.6,70554.4,76446.3,84207.9,91275.1,100764.4,113395.3,124672.4,145260.0,175492.1,199564.5,227695.9,224717.3,257596.3,315058.3,393677.2,477256.8,430702.9,427272.6,443042.4,437887.7,452217.5,640386.4,805713.1,891609.0,928661.3,1181222.7,1246220.2,1320161.6,1064958.1,1099216.7,1174662.1,1312426.5,1241879.6,1270052.5,1252446.7,1146676.9,1168023.4,1276769.3,1577621.7,1806543.0,1858217.1,1949551.7,2213102.5,2408655.3,2199928.8,2136100.0,2294994.3,2086957.7,2141924.1,2162009.6,1836637.7,1877071.7,1961796.2,2091932.4,2011302.2,1897461.6,2154875.5,2066972.1,2254851.2
"라트비아",-,-,-,-,-,-,-,-,-,-,-,-,-,-,-,-,-,-,-,-,-,-,-,-,-,-,-,-,-,-,-,-,-,-,-,5789.1,5975.2,6527.9,7166.3,7533.8,7958.9,8362.4,9557.0,11772.0,14435.7,17003.5,21570.1,31054.4,35854.3,26410.9,23956.2,27474.4,28169.9,30204.8,31386.9,27263.1,28083.6,30483.8,34429.0,34225.5,34390.9,39443.1,40422.5,43627.1
"리히텐슈타인",-,-,-,-,-,-,-,-,-,-,90.1,104.9,124.9,165.9,194.0,246.4,272.5,303.5,436.9,503.2,534.7,511.6,522.1,524.0,502.6,529.1,779.4,1052.8,1161.8,1120.0,1421.5,1484.2,1631.2,1673.1,1948.1,2428.5,2504.0,2298.4,2479.7,2664.1,2483.9,2491.8,2688.6,3070.8,3454.4,3659.3,4000.1,4601.4,5081.5,4504.4,5082.3,5739.7,5456.1,6391.7,6657.5,6268.5,6237.3,6474.3,6692.6,6436.5,6405.9,7710.4,7364.7,-
"리투아니아",-,-,-,-,-,-,-,-,-,-,-,-,-,-,-,-,-,-,-,-,-,-,-,-,-,-,-,-,-,-,-,-,-,-,-,7867.1,8382.5,10118.6,11239.5,10971.6,11524.8,12237.4,14259.8,18781.7,22627.5,26097.7,30183.6,39697.9,47797.6,37388.1,37128.7,43535.1,42927.5,46523.4,48533.7,41435.5,43047.3,47758.7,53751.4,54808.5,56964.9,66798.9,71014.0,77836.4
"룩셈부르크",709.9,710.2,747.8,797.9,910.9,929.5,976.7,983.1,1075.6,1245.4,1457.8,1518.8,1901.7,2609.9,3183.6,3123.3,3423.6,3789.3,4718.5,5517.0,6019.8,5053.7,4602.3,4524.2,4438.4,4577.2,6685.6,8320.9,9418.2,10037.7,12778.8,13834.2,15518.7,15925.5,17701.8,20853.1,20895.3,19563.8,20150.1,21899.3,21230.2,21387.5,23649.8,29667.3,35064.8,37672.3,42910.1,51587.4,58844.3,54467.3,56214.0,61696.3,59776.4,65203.3,68804.8,60071.6,62216.9,65712.2,71000.4,69890.5,73699.4,85584.1,81641.8,85755.0
"몰타",-,-,-,-,-,-,-,-,-,-,250.7,264.6,295.1,345.6,376.1,474.6,527.9,625.6,793.7,1001.3,1250.2,1243.5,1234.5,1165.8,1101.8,1117.8,1435.1,1751.2,2019.5,2118.6,2547.2,2750.0,3021.9,2709.2,2998.6,3720.4,3822.9,3793.4,4010.6,4121.4,4069.5,4088.4,4470.4,5448.4,6098.1,6416.2,6778.3,7925.4,9090.4,8696.4,9035.8,9638.7,9461.8,10551.0,11625.8,11091.5,11668.0,13484.5,15404.4,16004.6,15250.0,18123.7,18357.1,20957.0
"몰도바",-,-,-,-,-,-,-,-,-,-,-,-,-,-,-,-,-,-,-,-,-,-,-,-,-,-,-,-,-,-,3571.3,3083.3,2320.4,2371.7,1702.3,1753.0,1695.1,1930.1,1698.7,1170.8,1288.4,1480.7,1661.8,1980.9,2598.2,2988.3,3408.3,4401.2,6054.8,5439.4,6975.0,8414.4,8709.1,9496.7,9402.1,7797.7,7980.9,9514.4,11252.4,11736.8,11530.7,13691.9,14510.5,16539.4
"모나코",-,-,-,-,-,-,-,-,-,-,293.1,327.7,402.5,523.6,563.9,712.0,735.3,811.2,1000.6,1209.9,1378.2,1205.2,1143.2,1092.6,1037.3,1082.9,1515.2,1839.1,2000.7,2010.1,2481.3,2480.5,2737.0,2574.5,2720.3,3130.3,3137.9,2840.2,2934.6,2907.1,2654.5,2673.7,2919.6,3597.1,4043.6,4204.7,4586.8,5875.8,6502.9,5474.4,5367.6,6088.7,5742.7,6555.6,7069.4,6261.6,6465.6,6431.3,7182.4,7383.9,6739.6,8626.1,8784.0,-
"몬테네그로",-,-,-,-,-,-,-,-,-,-,-,-,-,-,-,-,-,-,-,-,-,-,-,-,-,-,-,-,-,-,-,-,-,-,-,-,-,-,854.3,829.0,984.3,1159.9,1284.7,1707.7,2073.2,2257.2,2721.9,3680.7,4545.7,4159.3,4143.0,4544.4,4087.5,4465.8,4593.9,4054.7,4376.9,4856.6,5506.9,5542.1,4770.0,5861.4,6229.8,7404.5
"네덜란드",13263.5,14578.4,15824.3,17168.5,20202.3,22688.5,24705.1,27103.9,30053.4,34035.9,38164.7,44579.1,54706.6,71840.9,87243.4,100249.5,109168.7,127017.0,155859.7,179669.4,195152.1,164134.2,158479.5,153445.5,143912.7,143845.8,200862.1,245046.3,261910.5,258336.7,318330.5,327500.3,362962.9,353550.2,379130.3,452301.7,450490.2,416812.7,438008.2,447049.5,417479.3,431586.9,473862.0,580070.4,658380.1,685348.2,733955.3,848558.9,951870.0,871518.6,847380.9,905270.6,838923.3,877172.8,892168.0,765572.8,784060.4,833869.6,914043.4,910194.3,909793.5,1029678.3,1009398.7,1118124.7
"북마케도니아",-,-,-,-,-,-,-,-,-,-,-,-,-,-,-,-,-,-,-,-,-,-,-,-,-,-,-,-,-,-,4699.6,4938.8,2436.8,2682.5,3559.6,4707.0,4642.0,3913.0,3765.7,3863.6,3772.9,3709.6,4018.4,4946.3,5682.8,6258.6,6861.2,8336.5,9909.6,9401.7,9407.2,10494.6,9745.3,10817.7,11362.3,10064.5,10672.5,11307.1,12683.1,12606.3,12361.0,14000.3,13711.5,14761.2
"노르웨이",5197.4,5669.7,6107.1,6553.3,7206.5,8111.9,8753.9,9577.4,10227.1,11136.2,12814.1,14583.1,17358.6,22534.3,27145.7,32877.8,35942.3,41508.0,46522.9,53132.2,64439.4,63596.7,62647.2,61627.2,62058.0,65416.9,78693.1,94229.9,101900.3,102633.9,119791.8,121872.5,130838.0,120579.2,127131.3,152029.6,163520.1,161356.6,154230.3,162383.7,171457.2,174239.4,195914.9,229385.5,265268.7,309978.6,346915.2,402643.3,464917.6,387976.4,431052.1,501360.5,512777.3,526014.5,501736.5,388159.5,370956.5,401745.3,439788.6,408742.8,367633.4,503368.0,593727.0,485513.3
"폴란드",-,-,-,-,-,-,-,-,-,-,-,-,-,-,-,-,-,-,-,-,-,-,-,-,-,-,-,-,-,-,65977.7,85500.9,94337.1,96043.2,110803.6,142293.8,160193.2,159358.2,174685.8,170030.7,172220.5,190905.5,199070.4,217828.7,255107.3,306145.9,344626.7,429020.8,533599.8,439731.6,475696.6,524374.2,495230.5,515762.0,539080.5,477111.3,470024.6,524641.3,588779.8,596058.5,599442.7,681346.1,689763.3,811229.1
"포르투갈",3339.2,3573.7,3835.9,4084.3,4429.2,4901.7,5370.1,6002.6,6644.7,7287.6,8108.2,9201.6,11239.1,15090.6,17512.4,19347.6,20332.8,21439.5,23487.6,26622.8,32896.5,31977.3,30527.8,27239.7,25218.0,27115.8,38745.9,48182.9,56347.3,60594.1,78713.9,89233.6,107592.1,95009.8,99688.6,118122.0,122630.1,117016.5,123946.3,127470.4,118605.2,121604.1,134795.6,165226.2,189382.1,197253.9,208756.4,240496.1,263416.4,244667.8,238113.0,245118.0,216224.2,226433.9,229902.0,199394.1,206426.2,221357.9,242313.1,239986.9,229031.9,255534.8,255196.7,287080.0
"루마니아",-,-,-,-,-,-,-,-,-,-,-,-,-,-,-,-,-,-,-,-,-,-,-,-,-,-,-,38067.6,40424.5,41450.8,38247.9,28850.6,25121.7,26361.2,30072.8,37430.2,36937.1,35575.2,41696.1,35953.2,37253.7,40395.1,46065.5,57806.4,74973.7,98454.4,122023.7,174588.8,214317.2,174102.3,170029.4,192613.6,179132.9,189789.3,199713.8,177883.9,185287.6,210147.2,243316.0,251017.8,251362.5,285810.2,298891.5,351002.6
"러시아",-,-,-,-,-,-,-,-,-,-,-,-,-,-,-,-,-,-,-,-,-,-,-,-,-,-,-,-,554828.7,506631.3,517014.4,517963.0,460290.6,435083.7,395077.3,395537.2,391724.9,404929.0,270955.5,195907.1,259710.1,306602.1,345470.5,430347.4,591016.7,764016.0,989932.1,1299703.5,1660848.1,1222645.9,1524916.7,2045922.8,2208293.6,2292470.1,2059241.6,1363482.2,1276786.4,1574199.4,1657328.8,1693115.0,1493075.9,1843392.3,2266029.2,2021421.5
"산마리노",-,-,-,-,-,-,-,-,-,-,-,-,-,-,-,-,-,-,-,-,-,-,-,-,-,-,-,-,-,-,-,-,-,-,-,-,-,-,-,1109.1,1005.2,1077.4,1168.3,1464.3,1723.8,1785.8,1908.2,2185.9,2393.4,2056.1,1881.2,1813.7,1604.7,1678.7,1673.9,1419.4,1468.3,1528.6,1655.4,1616.2,1541.2,1855.4,-,-
"세르비아",-,-,-,-,-,-,-,-,-,-,-,-,-,-,-,-,-,-,-,-,-,-,-,-,-,-,-,-,-,-,-,-,-,19374.9,20302.1,16832.6,21818.0,25676.5,19458.0,19388.7,6875.8,12960.5,17120.9,22482.4,26142.0,27683.2,32482.1,43171.0,52194.2,45162.9,41819.5,49258.1,43309.3,48394.2,47062.2,39655.9,40692.7,44179.1,50640.7,51514.2,53356.5,63101.0,63563.4,75187.1
"슬로바키아",-,-,-,-,-,-,-,-,-,-,-,-,-,-,-,-,-,-,-,-,-,-,-,-,-,-,-,-,-,-,12747.4,14272.2,15495.5,16520.7,20162.9,25840.1,27925.0,27706.0,29856.0,30463.7,29242.6,30778.8,35297.8,46920.0,57437.4,62808.7,70767.3,86564.0,100879.9,89399.3,91162.8,99922.7,94623.7,98935.2,101437.0,88900.9,89952.7,95650.0,106137.9,105711.7,106737.9,118563.3,115584.7,132793.6
"슬로베니아",-,-,-,-,-,-,-,-,-,-,-,-,-,-,-,-,-,-,-,-,-,-,-,-,-,-,-,-,-,-,19817.9,14444.2,14267.1,14439.0,16389.1,21352.2,21507.2,20763.1,22146.2,22711.4,20289.6,20876.3,23489.9,29634.7,34414.8,36206.4,39481.0,48067.4,55779.4,50567.7,48208.2,51583.9,46577.8,48415.7,49997.2,43107.5,44766.7,48589.1,54177.9,54386.7,53734.5,61832.2,60063.5,68216.8
"스페인",12433.4,14248.3,16621.5,19645.7,21982.6,25497.8,29580.6,32594.2,32417.5,37117.2,40993.0,46619.4,59132.4,78639.5,97274.0,114777.0,118507.2,132449.3,160599.7,214602.0,232766.8,202807.9,195996.8,170951.2,172102.9,180793.5,251321.1,318747.9,376160.4,414757.1,536558.6,577166.2,630916.0,525075.6,530562.6,614609.0,642589.0,590077.3,619214.8,634907.5,598363.3,627830.0,708756.7,907491.5,1069055.7,1153715.8,1260399.0,1474002.6,1631863.5,1491472.9,1422108.2,1480710.5,1324750.7,1355579.5,1371820.5,1196157.0,1233555.0,1313245.3,1421702.7,1394320.1,1278128.9,1445651.7,1417800.5,1580694.7
"스웨덴",15953.2,17354.8,18821.4,20371.7,22718.4,25000.2,27194.1,29517.7,31323.3,34016.6,38092.5,41566.4,48954.1,59405.0,66013.3,82885.4,89362.1,94468.7,104442.4,123386.4,142092.1,129686.9,114380.6,105014.4,109201.4,114123.5,150498.1,183009.6,206986.7,217948.3,261846.2,274229.0,284321.1,212953.3,229033.6,267305.9,291743.8,268146.1,270809.1,274072.2,262835.5,242395.9,266849.1,334337.2,385118.0,392218.1,423093.4,491252.6,517706.1,436537.0,495812.6,574094.1,552483.7,586841.8,581964.0,505103.8,515654.7,541018.7,555455.4,533879.5,547054.2,639715.0,590409.6,593267.7
"스위스",10412.2,11713.3,12989.6,14283.9,15833.1,16780.2,18019.4,19397.0,20712.1,22442.0,24998.1,30040.2,36844.3,49550.0,57103.0,65466.1,68476.5,73135.8,102280.5,114970.1,122557.8,112244.8,115043.4,114634.4,109455.3,110980.3,159089.9,199236.4,215540.6,208105.8,265763.6,268901.7,279921.4,272237.5,301375.1,352835.8,340104.0,294788.2,303459.0,297873.6,279216.0,286582.7,309301.4,362075.1,403912.9,418284.9,441634.7,490740.7,567267.8,554212.9,598851.0,715888.1,686420.2,706234.9,726537.8,694118.2,687895.5,695200.8,725568.7,721369.1,741999.4,813408.8,818426.6,884940.4
"우크라이나",-,-,-,-,-,-,-,-,-,-,-,-,-,-,-,-,-,-,-,-,-,-,-,-,-,-,-,64904.8,74842.1,80731.6,79523.8,76666.7,73906.0,65648.2,52549.6,48213.9,44558.8,50151.5,41882.5,31580.6,32375.1,39309.6,43956.2,52010.4,67220.2,89238.9,111884.8,148733.9,188110.4,121552.2,141209.2,169333.8,182591.8,190498.8,133503.9,91031.0,93355.9,112090.5,130891.1,153883.0,156617.7,199765.9,161989.5,178757.0
"영국",73234.0,77742.0,81247.6,86562.0,94407.6,101824.8,108572.8,113116.9,107759.9,116464.7,130671.9,148113.9,169965.0,192538.0,206131.4,241756.6,232614.6,263066.5,335883.0,438994.1,564947.7,540765.7,515048.9,489618.0,461487.1,489285.2,601452.7,745162.6,910122.7,926884.8,1093169.4,1142797.2,1179659.5,1061388.7,1140489.7,1344240.2,1419645.9,1560911.9,1653694.9,1687830.4,1665534.9,1649827.3,1785729.9,2054422.9,2421525.1,2543180.0,2708441.6,3090510.2,2929411.8,2412840.0,2485482.6,2663805.8,2707089.7,2784853.5,3064708.2,2927911.1,2689106.6,2680148.1,2871340.3,2851407.2,2697806.6,3141506.2,3088839.8,3340032.4
"아프리카",,,,,,,,,,,,,,,,,,,,,,,,,,,,,,,,,,,,,,,,,,,,,,,,,,,,,,,,,,,,,,,,
"알제리",2723.6,2434.7,2001.4,2703.0,2909.3,3136.3,3039.9,3370.9,3852.1,4257.3,4863.5,5077.2,6766.7,8707.9,13209.9,15557.9,17728.2,20972.1,26364.5,33243.7,42345.8,44348.6,45207.2,48801.4,53698.5,57937.9,63692.0,66745.8,59089.4,55634.7,62048.5,45715.7,48003.1,49945.6,42543.2,41764.3,46941.6,48177.6,48187.8,48640.7,54790.4,59413.4,61516.1,73482.3,91913.7,107046.6,123084.3,142482.7,180383.8,150317.3,177785.1,218331.9,227143.7,229701.4,238942.7,187493.9,180763.8,189880.9,194554.5,193459.7,164873.4,186265.4,225560.3,239899.5
"앙골라",-,-,-,-,-,-,-,-,-,-,-,-,-,-,-,-,-,-,-,-,-,-,-,-,-,-,-,-,-,-,-,-,-,5880.0,4432.0,5538.7,6535.5,7675.4,6506.4,6152.9,9129.6,8936.1,15285.6,17812.7,23552.1,36970.9,52381.0,65266.4,88538.7,70307.2,83799.5,111789.7,128052.9,132339.1,135966.8,90496.4,52761.6,73690.2,79450.7,70898.0,48501.6,66505.1,104399.7,84723.0
"베냉",226.2,235.7,236.4,253.9,269.8,289.9,302.9,306.2,326.3,330.7,333.6,335.1,410.3,504.4,554.7,676.9,698.4,750.0,928.8,1186.2,1405.3,1291.1,1267.8,1095.3,1051.1,1045.7,1336.1,1562.4,1620.2,1502.3,1960.0,1986.4,1695.3,2274.6,1598.1,2169.6,2361.1,2268.3,2455.1,3677.4,3520.0,3666.2,4194.3,5349.3,6190.3,6567.7,7034.1,8169.0,9787.7,9738.6,9535.3,10693.3,11141.4,12517.8,13284.5,11388.2,11821.1,12701.7,14262.4,14390.7,15686.7,17687.6,17425.4,19673.3
"보츠와나",30.4,32.9,35.6,38.1,41.6,45.8,51.5,58.6,66.2,77.4,96.2,127.4,164.5,244.1,306.0,355.2,372.0,451.6,590.4,819.9,1060.9,1073.8,1014.9,1172.2,1240.8,1114.8,1392.6,1965.2,2644.6,3083.8,3790.6,3942.9,4146.5,4160.1,4259.3,4730.6,4847.8,5020.3,4790.5,5484.3,5788.3,5489.6,5438.9,7511.6,8957.5,9918.9,9919.2,10567.3,10730.8,10118.5,12637.3,15110.6,13907.5,14271.7,15470.1,13530.7,15082.6,16105.2,17031.9,16725.9,14960.3,18750.9,20322.0,19395.8
"부르키나파소",330.4,350.2,379.6,394.0,410.3,422.9,433.9,450.8,460.4,478.3,458.4,482.4,578.6,674.8,751.1,940.0,976.5,1131.2,1475.6,1748.5,1928.7,1775.8,1754.5,1600.3,1459.9,1552.5,2036.3,2369.8,2616.0,2615.6,3101.3,3135.0,3356.7,3199.5,1895.3,2379.5,2586.6,2447.7,2804.9,3389.6,2968.4,3190.4,3622.4,4740.8,5451.7,6146.4,6547.4,7625.7,9451.4,9450.7,10109.6,12080.3,12561.0,13444.3,13943.0,11832.2,12833.4,14107.0,15890.1,16032.8,17725.0,19643.2,18820.2,20324.6
"부룬디",196.0,203.0,213.5,232.7,260.8,159.0,165.4,178.3,183.2,190.2,242.7,252.8,246.8,304.3,345.3,421.0,448.4,547.5,610.2,782.5,919.7,969.0,1013.2,1082.9,987.1,1150.0,1201.7,1131.5,1082.4,1113.9,1132.1,1167.4,1083.0,938.6,925.0,1000.4,869.0,972.9,893.8,808.1,870.5,876.8,825.4,784.7,915.3,1117.1,1273.4,1356.2,1611.8,1781.5,2032.1,2235.8,2333.3,2451.6,2705.8,3104.0,2644.5,2723.6,2667.2,2576.5,2649.7,2775.8,3338.7,2642.2
"카메룬",614.2,652.8,694.2,718.3,776.7,814.1,851.1,936.2,1046.2,1100.6,1151.2,1236.9,1498.3,1901.4,2157.4,2857.0,2898.1,3394.7,4662.9,5919.0,6674.6,6610.9,6611.3,6870.2,7311.9,8544.8,11857.1,13049.7,12236.1,11012.6,12314.5,11840.2,12071.8,16181.8,8902.4,10864.8,11093.5,10789.5,11298.1,11565.8,10566.6,10953.5,12417.3,15970.3,18826.2,19509.9,20910.5,23928.3,27715.1,27933.0,27507.5,30630.9,30155.1,33728.6,36386.5,32210.2,33814.3,36098.5,39955.6,39667.8,40773.2,44993.5,43644.1,47945.5
"카보베르데",-,-,-,-,-,-,-,-,-,-,-,-,-,-,-,-,-,-,-,-,142.2,139.5,140.6,138.5,132.0,137.7,190.7,235.3,264.3,267.4,306.9,319.8,357.2,490.4,406.6,487.1,502.0,490.6,521.9,592.4,539.2,563.1,620.5,813.3,924.9,972.2,1107.6,1649.6,1959.6,1852.3,1824.8,2046.8,1913.1,2028.9,2041.9,1749.9,1849.8,1996.7,2205.1,2252.2,1821.6,2051.8,2303.7,2587.3
"중앙아프리카공화국",112.2,123.1,124.5,129.4,142.0,150.6,157.9,163.8,191.8,188.0,189.1,201.5,230.3,271.2,281.4,378.7,451.2,507.3,610.6,700.8,797.0,694.8,748.3,658.7,637.8,864.8,1122.3,1201.0,1264.9,1233.9,1440.7,1377.4,1411.9,1278.8,851.2,1115.4,1007.8,937.7,967.3,999.5,916.8,932.6,996.1,1142.3,1272.4,1337.9,1461.9,1699.8,1993.4,2067.4,2142.6,2438.0,2510.1,1691.5,1894.8,1695.8,1825.0,2072.3,2221.0,2221.3,2326.7,2516.5,2382.6,2555.5
"차드",313.6,334.0,357.6,371.8,392.2,416.9,432.8,449.8,454.0,471.6,469.3,501.9,585.4,647.2,652.5,864.6,866.0,935.4,1113.9,1004.3,1033.0,876.9,834.4,832.4,919.1,1033.1,1067.8,1163.4,1482.6,1433.7,1738.6,1877.1,1881.8,1463.3,1179.8,1445.9,1607.3,1544.7,1744.8,1534.7,1388.5,1710.8,1997.0,2742.8,4422.9,6649.3,7428.7,8650.1,10393.8,9290.7,10668.1,12172.3,12367.4,12953.5,13940.8,10950.4,10097.8,10000.4,11239.2,11315.0,10715.4,11780.0,12396.8,13149.3
"코모로",-,-,-,-,-,-,-,-,-,-,-,-,-,-,-,-,-,-,-,-,212.2,196.3,184.0,191.6,184.7,196.7,279.2,337.5,356.5,341.5,429.6,424.1,457.4,452.9,319.2,398.5,396.1,364.4,370.1,382.5,351.1,378.5,426.0,546.9,633.7,653.8,698.4,795.7,915.7,905.3,908.0,1023.1,1015.8,1116.2,1149.6,966.0,1012.8,1077.4,1188.8,1195.0,1225.0,1296.1,1242.5,1352.4
"콩고",131.7,151.7,166.5,172.2,185.7,198.3,220.6,237.4,251.2,265.0,275.0,322.1,410.7,542.0,585.4,767.1,754.5,765.2,878.8,1198.7,1705.8,1993.5,2160.6,2097.3,2193.6,2160.9,1849.3,2297.8,2212.5,2389.6,2798.7,2724.9,2933.2,2684.3,1769.4,2116.0,2540.7,2322.7,1949.5,2354.8,3227.9,2796.7,3034.3,3503.7,4657.0,6650.0,8072.3,8782.7,11649.9,9723.3,13148.4,15655.4,17692.9,17958.7,17919.3,12434.8,10931.3,11834.5,14773.9,13976.6,11468.7,14825.7,15817.0,15321.1
"콩고민주공화국",-,-,-,-,-,-,-,-,-,-,-,-,-,-,-,-,-,-,-,-,-,-,-,-,-,-,-,-,-,-,-,-,8850.0,10768.0,5820.5,5643.4,5771.5,6090.8,6217.8,4711.3,19088.0,7438.2,8728.0,8937.6,10297.5,11964.5,14451.9,16737.1,19788.5,18648.4,21565.7,25839.7,29306.2,32679.7,35909.0,37917.7,37134.8,38019.3,47568.2,51775.8,48717.0,55328.5,65801.5,66383.3
"코트디부아르",546.2,618.2,645.3,761.0,921.1,919.8,1024.1,1082.9,1281.3,1361.4,1455.5,1584.1,1849.4,2508.4,3070.2,3893.8,4662.1,6265.1,7900.5,9142.9,10175.6,8432.6,7567.1,6838.2,6841.6,6977.7,9158.3,10087.7,10255.2,9757.4,10795.9,10492.6,11153.0,11045.8,8313.6,11000.1,18071.2,18047.6,19619.7,18871.0,16577.5,16810.5,18054.4,21251.8,23510.6,24036.9,25281.4,28760.1,34078.2,33886.8,34936.3,36693.7,36302.3,42760.2,48843.0,45815.0,48407.8,52512.3,58522.5,60382.9,63027.9,72794.6,70173.1,78788.8
"지부티",-,-,-,-,-,-,-,-,-,-,-,-,-,-,-,-,-,-,-,-,-,-,-,-,-,341.0,-,373.4,395.8,409.2,452.3,462.4,478.1,466.0,491.7,497.7,494.0,502.7,514.3,536.1,551.2,572.4,591.1,622.0,666.1,708.6,768.9,847.9,999.1,1049.1,1128.6,1239.1,1353.6,2042.8,2214.7,2424.4,2605.0,2762.6,2913.5,3088.9,3185.2,3385.8,3674.3,4098.5
"이집트",-,-,-,-,-,4948.7,5278.0,5605.5,5932.2,6524.5,8042.2,8609.3,9299.6,10098.5,9229.0,11632.2,13316.0,14400.8,14811.7,18020.6,21669.9,22136.1,27655.2,30966.2,33971.2,39053.5,41253.5,40455.6,34980.1,39756.3,42978.9,37387.8,41856.0,46578.6,51898.0,60159.2,67629.7,78436.6,84828.8,90710.7,99838.5,96684.6,85146.1,80288.5,78782.5,89600.7,107426.1,130437.8,162818.2,189147.0,218983.7,235989.7,279116.7,288434.1,305595.4,329366.6,332441.7,248362.8,262588.6,318678.8,383817.8,424671.8,476747.7,395926.1
"적도기니",-,-,9.1,10.8,12.7,64.7,69.1,72.3,67.5,67.2,66.3,64.9,65.4,81.2,94.2,104.3,103.7,104.0,-,-,50.6,36.7,44.3,44.4,50.3,62.1,76.4,93.3,100.5,88.3,112.1,110.9,134.7,136.0,100.8,141.9,232.5,442.3,370.7,621.1,1046.0,1461.1,1806.7,2484.7,4410.8,8217.4,10086.5,13071.7,19749.9,15027.8,16314.4,21357.3,22388.3,21948.8,21765.5,13185.5,11240.8,12200.9,13097.0,11364.1,9893.8,12215.9,13486.8,12116.9
"에리트레아",-,-,-,-,-,-,-,-,-,-,-,-,-,-,-,-,-,-,-,-,-,-,-,-,-,-,-,-,-,-,-,-,477.1,467.9,531.7,578.0,693.5,686.5,745.5,688.9,706.4,752.4,729.3,870.2,1109.1,1098.4,1211.2,1318.0,1380.2,1856.7,1589.5,2065.0,-,-,-,-,-,-,-,-,-,-,-,-
"에스와티니",35.1,43.0,45.9,54.1,65.0,70.3,76.9,74.8,79.8,105.4,112.1,136.5,146.7,221.9,264.3,288.3,272.6,304.1,340.6,412.1,542.0,570.8,537.6,555.3,494.5,360.1,449.1,584.1,692.0,696.9,1114.7,1156.1,1284.8,1357.2,1419.3,1699.0,1602.7,1716.7,1576.9,1547.9,1738.1,1542.5,1432.2,2197.6,2770.1,3178.1,3291.3,3469.4,3294.1,3580.4,4438.8,4820.5,4886.6,4597.6,4423.0,4063.2,3816.0,4403.0,4666.6,4495.3,3982.2,4850.8,4790.9,4597.9
"에티오피아",1610.5,1680.9,1747.6,1825.1,1984.1,2160.0,2324.5,2461.8,2619.9,2769.0,3045.4,3224.3,3520.3,4070.6,4577.2,4577.0,4943.8,5651.8,6015.0,6586.0,7012.6,7507.7,7900.0,8781.7,8298.3,9717.4,10094.3,10790.0,11181.1,11762.9,12478.9,13799.8,10754.8,9051.0,7100.8,7855.2,8761.2,8803.5,8013.3,7893.0,8242.3,8231.3,7850.8,8623.7,10131.2,12401.1,15280.9,19707.6,27066.9,32437.4,29933.8,31952.8,43310.7,47648.3,55612.2,64589.3,74296.7,81770.9,84269.2,95912.6,107657.7,111261.9,126772.7,163697.9
"가봉",141.5,167.6,182.8,154.5,215.7,226.5,245.8,271.5,294.5,318.1,323.8,381.7,430.5,722.8,1544.2,2157.6,3009.4,2809.3,2389.5,3030.3,4279.6,3862.3,3618.0,3391.3,3561.5,3339.9,3403.6,3281.8,3834.5,4186.4,5952.3,5402.9,5592.4,4378.6,4190.8,4958.8,5694.0,5326.8,4483.4,4663.0,5080.5,5023.3,5335.5,6511.9,7770.2,9582.8,10327.6,12455.4,15571.3,12113.7,14372.6,18210.3,17170.5,17595.7,18204.0,14383.1,14023.9,14929.5,16867.3,16874.4,15314.6,20217.9,21071.7,20516.1
"감비아",-,-,-,-,-,-,44.2,46.7,41.2,45.2,52.3,55.7,59.2,75.2,95.8,115.2,112.2,138.1,171.8,207.1,241.1,218.8,216.1,213.4,177.3,225.7,185.6,220.6,266.7,284.1,317.1,690.3,714.3,755.0,746.5,786.0,848.2,803.6,840.3,814.7,782.9,687.4,578.2,487.0,961.9,1027.7,1054.1,1279.7,1561.8,1450.1,1543.3,1409.7,1415.0,1375.6,1229.5,1378.2,1484.6,1504.9,1670.7,1813.6,1812.2,2014.2,2175.1,2339.9
"가나",1223.9,1309.9,1390.1,1549.3,1740.8,2064.8,2138.0,1748.8,1666.7,1961.8,2214.7,2427.2,2116.5,3018.1,2894.4,2810.1,2765.3,3189.4,3662.5,4020.2,4445.2,4222.4,4036.0,4057.3,4412.3,4504.3,5735.7,5074.8,5197.8,5251.9,5889.1,6603.2,6416.1,5968.9,5446.4,6464.4,6933.0,6891.4,7482.1,7718.1,4982.9,5314.9,6166.2,7632.7,8881.4,10744.6,20885.0,24827.3,28679.4,26048.7,32197.7,39336.7,41271.7,62824.6,54783.3,49406.0,56164.9,60405.9,67298.9,68338.0,70043.1,79524.4,74263.4,76370.4
"기니",-,-,-,-,-,-,-,-,-,-,3220.2,3594.3,4203.1,5152.1,5691.4,6102.8,6762.8,6914.4,8087.3,8877.1,9746.5,9646.4,11926.0,15129.9,18421.5,22787.6,2909.1,2976.7,3476.5,3546.1,3888.3,4396.2,4789.2,4781.2,4932.8,5385.7,5641.2,5516.9,5232.1,5046.8,4367.5,4125.5,4301.6,5025.2,5300.8,4282.5,4220.0,6281.9,6964.2,6716.9,6853.5,6785.1,7638.0,8376.6,8778.5,8794.2,8596.0,10324.7,11857.0,13442.9,14177.8,16091.8,20999.2,23612.3
"기니비사우",-,-,-,-,-,-,-,-,-,-,204.7,204.2,228.0,232.3,256.8,283.3,292.2,298.9,318.9,308.1,287.6,402.2,430.3,425.2,360.0,374.0,338.5,451.9,427.5,554.1,634.2,668.5,588.3,615.8,612.5,660.2,703.0,698.1,591.0,579.4,391.3,412.6,466.8,553.6,582.2,639.8,634.8,753.2,952.7,890.2,940.1,1157.1,1049.4,1109.7,1135.3,1152.4,1245.1,1470.0,1554.1,1486.5,1520.5,1724.6,1714.2,1966.5
"케냐",791.3,793.0,868.1,926.6,998.8,997.9,1164.5,1232.6,1353.3,1458.4,1603.4,1778.4,2107.3,2509.0,2970.0,3259.3,3474.5,4494.4,5303.7,6234.4,7265.3,6854.5,6431.6,5979.2,6191.4,6135.0,7239.1,7970.8,8355.4,8283.1,8572.4,8151.5,8209.1,5751.8,7148.1,9046.3,12045.9,13115.8,14094.0,12896.0,12705.4,12986.0,13147.7,14904.5,16095.3,18737.9,25825.5,31958.2,35895.2,42347.2,45405.6,46869.5,56396.7,61671.4,68285.8,70120.4,74815.1,82036.5,92203.0,100378.4,100657.5,109703.7,113419.8,107440.6
"레소토",34.6,35.7,41.9,47.0,51.9,54.9,56.7,59.3,61.4,66.0,68.7,76.5,80.9,121.2,150.9,149.6,147.7,193.3,266.6,290.1,431.5,434.2,348.7,386.7,333.2,268.6,318.9,402.8,470.4,495.4,596.4,704.3,831.0,835.6,878.3,1001.9,946.1,998.0,928.5,912.8,887.3,825.7,775.8,1157.8,1511.2,1682.3,1800.1,1682.1,1766.9,1740.9,2234.8,2579.4,2477.7,2367.1,2441.1,2359.7,2114.4,2306.7,2556.2,2390.7,2053.3,2406.8,2289.4,2046.0
"라이베리아",190.5,183.9,191.9,200.2,218.9,229.3,244.5,261.0,276.8,307.0,323.1,341.5,368.1,387.0,487.0,577.5,596.7,673.0,717.2,814.1,854.7,846.5,863.9,823.4,848.5,851.3,841.0,972.8,1038.3,786.3,384.4,348.0,223.5,160.4,132.2,134.8,159.4,295.9,359.6,441.8,874.0,906.0,927.0,748.0,897.0,949.0,1119.0,1373.0,1726.0,1768.0,1998.0,2398.0,2791.6,3177.2,3225.7,3227.1,3398.4,3390.7,3422.8,3319.6,3176.1,3513.0,4001.0,4332.0
"리비아",401.6,443.9,619.7,892.3,1341.4,1805.0,2312.4,2727.0,3850.6,4381.0,4601.6,5260.2,6299.4,8625.9,15112.5,14710.9,19096.9,22428.3,22136.4,30536.4,40953.9,36374.4,33760.1,33200.5,29476.1,31530.6,24180.4,26697.7,24309.0,25156.7,28904.2,31991.8,33887.0,30660.1,28610.5,25541.4,27884.6,30700.9,27251.3,35975.9,38271.0,34112.1,20481.9,26265.6,33122.3,47334.7,60094.2,68033.0,86710.8,60808.6,75380.8,48169.3,92540.9,75351.1,57372.4,48717.5,49912.1,67157.5,76686.0,72082.0,65688.5,47786.8,55938.7,50491.7
"마다가스카르",673.1,699.2,739.3,759.3,802.5,833.6,900.3,956.4,1031.7,1056.4,1111.9,1199.5,1341.6,1653.1,1917.5,2283.0,2181.8,2358.9,2669.8,3463.6,5201.8,4759.3,4785.0,4686.5,3905.9,3802.6,4348.0,3212.9,3189.5,3175.6,3931.3,3254.7,3715.0,4063.3,3522.2,3838.1,4931.9,4263.0,4402.0,4277.9,4629.2,5438.3,5351.7,6372.5,5064.7,5859.3,6395.7,8524.6,10725.1,9616.9,9982.7,11551.8,11579.0,12423.6,12523.0,11323.0,11848.6,13176.3,13760.0,14104.7,13051.4,14554.8,15302.5,16031.7
"말라위",-,-,-,-,-,-,-,-,-,-,-,-,-,-,-,-,-,-,-,-,1801.2,1801.2,1717.4,1780.1,1758.0,1646.4,1722.6,1721.7,2008.2,2314.2,2737.1,3206.8,2618.8,3013.4,1719.9,2033.7,3319.6,3875.8,2547.6,2584.5,2537.3,2498.0,5087.3,4669.8,5058.7,5320.4,5818.3,6451.2,7743.6,9009.9,10128.3,11648.1,8773.2,8031.6,8801.3,9219.5,7909.9,8943.5,9880.7,11077.3,12041.3,12580.9,13129.5,14084.3
"말리",-,-,-,-,-,-,-,275.5,343.8,339.9,359.8,395.2,486.6,563.7,538.7,830.7,939.2,1049.8,1222.7,1595.4,1759.7,1539.0,1333.8,1297.8,1232.9,1392.2,1852.2,2090.6,2169.0,2181.8,2681.9,2724.1,2830.7,2818.3,2081.8,2706.4,2780.4,2697.1,2920.4,3440.7,2961.5,3468.3,3908.1,4714.1,5454.2,6247.5,6905.9,8156.5,9838.4,10232.0,10689.2,12995.1,12442.0,13242.7,14364.9,13104.8,14026.0,15365.7,17070.9,17280.3,17465.4,19309.5,18780.3,20904.9
"모리타니",-,159.2,164.3,168.2,224.5,255.3,266.5,282.6,311.4,295.1,309.4,335.6,391.7,493.2,613.0,703.4,775.0,799.0,804.6,951.9,1047.9,1105.5,1108.8,1165.2,1074.4,1009.7,1186.6,1344.7,1415.0,1450.6,1506.9,2133.7,2164.3,1847.4,1944.9,2091.7,2132.1,2072.0,2032.3,1985.9,1779.5,1746.1,1777.1,2051.1,2362.5,2936.0,3919.6,4346.2,5206.4,4714.6,5628.9,6764.6,6728.2,7223.1,6592.5,6166.9,6398.7,6800.1,7473.6,7894.8,8260.8,9222.5,9744.0,10452.6
"모리셔스",162.1,191.8,197.7,253.8,218.9,230.0,227.5,238.4,206.6,221.6,224.1,251.4,318.7,404.3,669.9,673.3,713.5,834.7,1029.0,1227.4,1147.0,1157.8,1092.9,1105.0,1054.6,1090.6,1482.6,1906.2,2163.3,2211.3,2689.2,2895.4,3267.7,3307.3,3606.1,4094.7,4481.5,4243.8,4225.8,4402.2,4726.1,4675.8,4906.5,5894.9,6667.4,6576.1,7028.8,8150.2,9990.4,9128.8,10003.7,11518.4,11668.7,12293.0,13074.1,12007.3,12594.2,13713.5,14735.7,14436.3,11408.1,11484.3,12928.0,14397.1
"모로코",2037.2,2025.7,2379.6,2657.3,2798.3,2948.3,2876.4,3046.3,3271.4,3651.6,3956.3,4356.7,5074.1,6242.1,7675.5,8984.9,9584.3,11049.8,13236.9,15912.0,21728.5,17788.2,17692.3,16251.4,14824.7,14991.3,19462.1,21765.2,25705.3,26314.3,30180.0,32285.6,33711.1,31655.5,35604.1,39030.3,43161.6,39147.8,46497.6,46266.4,43017.5,43831.5,47077.2,58029.4,66114.1,68852.7,75883.8,86947.9,101822.9,101155.0,100865.3,110080.6,106937.4,115739.3,119130.8,110413.8,111572.9,118540.6,127341.1,128920.3,121353.6,141817.8,130912.6,141109.4
"모잠비크",-,-,-,-,-,-,-,-,-,-,-,-,-,-,-,-,-,-,-,-,-,-,-,-,-,-,-,-,-,-,-,3854.9,2798.7,2883.2,2958.1,3061.6,4030.1,4873.7,5551.1,6285.2,5930.7,5650.2,5950.8,6583.5,7937.3,8868.5,9509.8,10811.5,12920.3,12263.9,11411.9,14619.3,16688.1,17198.1,17978.2,16209.0,12069.1,13264.6,15017.4,15512.8,14235.4,16168.1,18406.8,20624.6
"나미비아",-,-,-,-,-,-,-,-,-,-,-,-,-,-,-,-,-,-,-,-,2422.0,2249.9,2118.7,2297.4,1951.3,1608.2,1809.0,2300.1,2495.1,2535.1,2789.9,2996.9,3429.5,3251.2,3666.5,3978.5,3989.2,4155.0,3873.1,3868.6,3922.2,3557.3,3349.2,4926.4,6609.2,7248.4,8001.8,8839.5,8607.4,8938.8,11431.4,12523.4,13042.1,12043.3,12435.4,11335.2,10722.0,12895.2,13682.0,12541.9,10583.7,12402.5,12567.3,12351.0
"니제르",449.5,485.8,531.7,586.3,582.8,673.4,702.3,665.6,641.2,625.9,649.9,693.6,742.8,946.4,1026.1,1048.7,1064.5,1291.5,1774.4,2109.3,2508.5,2170.9,2017.6,1803.1,1461.2,1440.6,1904.1,2233.0,2280.4,2179.6,3512.4,3285.8,3386.2,3052.7,1938.1,2302.5,2405.7,2290.3,2643.4,2537.8,2241.8,2448.7,2782.2,3394.1,3760.4,4383.3,4756.4,5731.5,7297.6,7352.1,7851.2,8773.0,9426.9,10224.9,10862.9,9683.9,10398.9,11185.1,12837.3,12889.6,13744.7,14915.0,15433.9,16819.2
"나이지리아",4196.2,4467.3,4909.4,5165.6,5552.9,5874.5,6366.9,5203.2,5201.0,6634.3,12546.1,9181.8,12274.4,15162.9,24846.6,27778.9,36308.9,36035.4,36527.9,47259.9,64201.8,164475.2,142769.4,97094.9,73484.4,73745.8,54805.9,52676.0,49648.5,44003.1,54035.8,59526.8,52058.2,56721.1,80399.6,140919.8,185730.2,200850.4,218416.2,59145.1,69171.5,73557.8,95054.1,104739.0,135764.7,175670.6,238455.0,278260.8,339476.3,295008.8,366990.4,414466.7,463971.0,520117.2,574183.8,493026.7,404649.1,375745.7,421739.3,474517.5,432198.9,440839.0,472624.6,362815.0
"르완다",119.0,122.0,125.0,128.0,130.0,148.8,124.5,159.6,172.2,188.7,219.9,223.0,246.5,290.7,308.5,571.9,637.8,746.7,905.7,1109.3,1254.8,1407.1,1407.2,1479.7,1587.4,1715.6,1944.7,2157.4,2395.5,2405.0,2550.2,1911.6,2029.0,1971.5,753.6,1293.5,1382.3,1851.6,1989.3,2157.1,2068.8,1966.6,1966.0,2138.2,2376.5,2933.8,3319.8,4070.5,5179.9,5674.5,6124.8,6884.9,7654.8,7820.0,8239.0,8543.8,8695.3,9252.8,9637.9,10349.3,10174.4,11069.3,13316.2,14097.8
"상투메프린시페",-,-,-,-,-,-,-,-,-,-,37.2,37.3,41.4,56.0,57.8,60.1,52.0,49.2,55.0,65.8,81.7,83.5,80.3,75.1,78.2,82.7,115.9,116.0,99.0,98.5,119.3,107.5,94.9,125.7,131.3,103.7,135.2,91.9,72.3,77.3,76.2,76.0,85.2,102.1,114.6,136.5,142.8,149.1,188.0,200.7,190.0,226.5,229.4,267.0,293.1,260.0,292.3,322.0,383.7,413.0,471.2,524.4,542.7,603.2
"세네갈",1003.7,1059.0,1085.5,1122.1,1188.9,1210.1,1246.9,1246.5,1309.4,1245.2,1297.4,1339.5,1620.9,1863.4,2099.3,2830.4,2869.8,2938.0,3280.4,4084.9,4510.1,4095.9,4014.0,3569.4,3485.2,3818.9,5392.1,6487.4,6418.4,6366.0,7391.0,7255.2,7769.8,7368.0,5034.6,6326.3,6559.7,6041.5,6505.6,6592.8,6013.2,6507.8,7006.4,8768.7,10076.8,11009.0,11697.9,13994.2,16854.0,16145.9,16121.3,17814.3,17660.9,18918.7,19797.3,17774.8,19040.3,20996.6,23116.7,23404.0,24530.5,27520.8,27619.5,31014.0
"세이셸",12.0,11.6,12.6,13.9,15.4,15.6,16.4,16.6,16.1,16.5,18.4,22.0,30.6,36.9,43.1,47.8,49.3,64.5,85.6,127.3,156.8,163.8,157.2,156.1,161.0,179.7,221.1,265.2,302.0,324.3,392.2,398.3,461.4,504.2,517.6,540.7,535.3,599.0,647.3,662.8,654.2,662.1,742.1,750.8,893.0,977.9,1081.4,1077.3,979.6,850.9,981.6,1058.9,1089.4,1333.2,1387.6,1432.4,1568.5,1675.4,1784.3,1868.7,1382.6,1487.2,2058.0,2141.5
"시에라리온",322.2,328.0,342.9,348.7,372.0,359.5,375.6,348.9,330.0,408.9,434.6,419.5,465.3,575.5,648.9,679.4,594.8,692.1,960.8,1109.3,1100.5,1114.9,1295.0,995.3,1087.5,856.9,490.2,660.1,1055.1,933.0,649.6,780.1,680.0,768.8,911.9,870.8,941.7,850.2,672.4,669.4,635.9,1074.9,1236.2,1369.7,1430.2,1627.1,1862.1,2126.7,2451.9,2419.0,2578.2,2932.3,3789.3,4920.3,5015.2,4252.0,3862.7,3719.4,4085.1,4076.6,4062.9,4249.2,4094.6,3809.8
"소말리아",180.5,191.7,203.5,216.1,229.5,243.7,257.4,271.8,286.7,306.4,348.0,347.0,447.9,483.7,572.5,757.0,871.3,498.6,564.6,589.6,602.5,699.3,774.6,735.4,787.4,875.7,916.6,1019.0,1051.6,1181.4,1031.3,718.0,709.3,1260.1,1481.2,1534.8,1792.2,2191.7,2962.0,3045.8,3412.8,2252.8,2192.7,2836.7,3859.6,4683.2,5026.7,5430.7,5913.6,2948.6,2687.8,2906.0,4041.7,5836.0,6537.4,6984.9,7390.8,8252.4,8278.2,9420.4,9204.1,9838.7,10419.5,11679.8
"남아프리카공화국",8748.6,9226.0,9814.0,10854.2,11956.0,13069.0,14211.4,15821.4,17124.8,19257.0,21218.4,23411.1,24515.9,33262.8,41389.2,42906.9,41150.5,45328.4,51607.4,63038.7,89411.9,93141.5,85904.1,96204.1,84870.2,64459.4,73354.8,96535.8,103976.8,108055.6,126048.1,135203.7,146956.2,147194.7,153512.7,171735.9,163234.9,168978.1,152983.0,151517.0,151752.8,135429.9,129087.6,197019.0,255806.9,288867.2,303858.7,333077.1,316131.3,329754.1,417363.8,458199.5,434400.5,400886.0,381198.9,346709.8,323585.5,381448.8,405260.7,389330.0,338291.4,420117.8,405270.9,377781.6
"남수단",-,-,-,-,-,-,-,-,-,-,-,-,-,-,-,-,-,-,-,-,-,-,-,-,-,-,-,-,-,-,-,-,-,-,-,-,-,-,-,-,-,-,-,-,-,-,-,-,14586.3,12231.3,14602.1,14907.3,11931.5,18426.5,13962.2,11997.8,-,-,-,-,-,-,-,-
"수단",1127.0,1223.6,1329.0,1352.0,1389.1,1447.7,1485.3,1608.3,1678.7,1848.6,2101.4,2289.7,2484.5,3079.0,3961.2,4825.9,6016.7,7503.4,8138.5,8421.7,8951.8,10751.2,8735.3,8230.2,10447.6,8075.3,10092.2,12093.3,14372.6,21408.1,33641.2,44168.9,7031.9,8881.0,12793.8,13830.4,9018.3,11681.2,11250.2,10682.0,12257.3,15716.4,18137.1,21355.3,26646.0,35182.7,45263.8,59440.1,64833.1,51621.0,58963.0,55018.6,37632.9,43024.0,49516.7,51726.8,42630.4,41283.6,32333.8,32338.1,27034.6,34229.5,51666.9,109327.0
"탄자니아",2651.7,2826.2,3101.6,3456.6,3748.8,3817.2,4378.0,4565.1,4895.3,5142.1,2851.4,3050.7,3472.8,4144.1,4977.3,5729.9,6472.5,7732.6,9261.7,9804.6,11409.2,13161.5,13927.4,14049.9,12906.6,15328.3,10840.9,7824.2,7406.6,6418.8,6184.4,7197.8,6682.0,6182.9,6550.5,7631.4,9433.5,11158.2,12172.8,12704.3,13371.8,13564.0,14129.7,15211.5,16673.1,18395.4,18619.9,21860.4,27947.8,29400.6,32012.9,34657.1,39650.4,45648.9,49986.7,47413.9,49774.4,53274.9,57003.7,61026.7,66068.7,70655.6,75770.0,79158.3
"토고",171.1,178.5,186.7,202.3,234.6,264.5,305.2,327.2,341.7,378.1,358.7,404.6,474.0,574.0,791.5,871.8,874.7,1097.9,1164.0,1259.4,1604.8,1359.0,1160.3,1081.4,1014.2,1076.6,1498.2,1764.0,1947.2,1910.6,2299.7,2262.8,2390.8,1741.9,1387.7,1849.1,2069.5,2116.8,2241.7,2226.6,2106.8,2093.5,2410.2,2988.0,3191.6,3221.9,3320.9,3760.0,4578.8,4721.9,4746.4,5422.4,5413.5,6021.7,6393.3,5755.5,6071.2,6387.4,7029.3,6992.7,7400.3,8342.2,8169.5,9171.3
"튀니지",-,866.2,880.0,1026.7,1025.9,991.0,1041.0,1085.7,1214.7,1289.9,1439.2,1685.2,2237.6,2730.8,3545.9,4329.0,4508.2,5109.3,5968.5,7188.9,8744.1,8428.4,8133.6,8350.6,8254.5,8410.2,9017.8,9696.7,10096.2,10101.9,12290.6,13074.8,15496.7,14608.3,15633.2,18030.9,19587.2,20746.2,21802.9,22943.2,21473.5,22065.8,23141.6,27453.9,31183.9,32272.2,34376.7,38915.4,44859.4,43455.7,46206.1,48123.3,47311.4,48685.4,50271.8,45779.5,44360.1,42163.5,42686.6,41905.5,42491.8,46812.3,44579.8,48529.6
"우간다",423.0,441.5,449.0,516.1,589.1,884.5,925.4,967.2,1037.4,1168.6,1259.6,1417.2,1491.0,1701.8,2098.9,2359.6,2447.3,2936.5,2420.3,2139.0,1244.6,1337.3,2177.5,2240.3,3615.6,3519.7,3923.2,6269.5,6508.9,5276.5,4304.4,3321.7,2857.5,3220.4,3990.4,5755.8,6044.6,6269.3,6584.8,5998.6,6193.2,5840.5,6178.6,6606.9,7939.5,9239.2,9977.6,11902.6,14440.4,25127.8,26673.4,27871.7,27305.9,28915.8,32612.4,32387.2,29204.0,30744.5,32927.0,35348.2,37600.4,40529.8,45565.3,49272.9
"잠비아",713.0,696.3,693.1,718.7,839.4,1082.9,1264.3,1368.0,1605.9,1965.7,1825.3,1687.0,1873.2,2435.7,2913.1,2443.5,2742.8,2514.4,2809.9,3354.9,3882.9,4006.2,3870.1,3321.0,2719.8,2252.2,1664.5,2265.4,3728.9,3994.6,3285.2,3376.8,3181.9,3273.5,3656.8,3807.0,3597.2,4303.3,3537.7,3404.3,3600.6,4094.4,4193.9,4901.9,6221.1,8331.9,12756.9,14057.0,17910.9,15328.3,20265.6,23459.5,25503.1,28037.2,27141.0,21251.2,20958.4,25873.6,26311.5,23308.7,18137.8,22096.4,29163.8,28162.6
"짐바브웨",1053.0,1096.6,1117.6,1159.5,1217.1,1311.4,1281.7,1397.0,1479.6,1748.0,1884.2,2178.7,2677.7,3309.4,3982.2,4371.3,4318.4,4364.4,4351.6,5177.5,6678.9,8011.4,8539.7,7764.1,6352.1,5637.3,6217.5,6741.2,7814.8,8286.3,8783.8,8641.5,6751.5,6563.8,6890.7,7111.3,8553.1,8529.6,6402.0,6858.0,6690.0,6777.4,6342.1,5727.6,5805.6,5755.2,5443.9,5292.0,4415.7,9665.8,12041.7,14101.9,17114.8,19091.0,19495.5,19963.1,20548.7,17584.9,34156.1,21832.2,21509.7,28371.2,27366.6,26538.3
"오세아니아",,,,,,,,,,,,,,,,,,,,,,,,,,,,,,,,,,,,,,,,,,,,,,,,,,,,,,,,,,,,,,,,
"미국령사모아",-,-,-,-,-,-,-,-,-,-,-,-,-,-,-,-,-,-,-,-,-,-,-,-,-,-,-,-,-,-,-,-,-,-,-,-,-,-,-,-,-,-,512.0,524.0,509.0,500.0,493.0,518.0,560.0,675.0,573.0,570.0,640.0,638.0,643.0,673.0,671.0,612.0,639.0,647.0,721.0,750.0,871.0,-
"오스트레일리아",18606.6,19682.9,19922.6,21539.8,23801.1,25976.2,27307.8,30442.7,32714.1,36683.4,41333.6,45216.6,52040.9,63830.9,88963.9,97303.0,105059.4,110349.9,118491.6,134898.3,149985.5,176893.1,194038.4,177265.4,193519.0,180637.1,182475.5,189487.2,236154.0,299871.8,311420.5,325966.7,325518.5,312128.3,322802.5,368166.0,401341.9,435642.6,399674.4,389652.2,416167.8,379629.3,395788.7,467739.1,614660.0,695692.9,748417.6,855007.5,1056112.4,928762.1,1148890.2,1398701.3,1547649.8,1577301.8,1468597.7,1351768.9,1207580.9,1326882.1,1429733.7,1394671.3,1330381.5,1559033.8,1692956.6,1723827.2
"피지",112.3,117.0,122.9,129.5,140.0,147.1,150.6,162.6,167.0,182.2,219.9,247.7,316.7,426.0,558.6,684.3,694.5,719.5,829.3,1019.7,1202.6,1235.6,1194.1,1123.1,1178.0,1141.2,1290.3,1177.9,1110.0,1182.7,1337.0,1383.9,1532.4,1636.1,1825.7,1970.3,2128.7,2090.2,1653.1,1936.5,1678.2,1652.5,1833.3,2300.5,2708.1,2980.4,3076.3,3378.3,3523.2,2870.6,3140.2,3779.4,3972.0,4190.0,4857.1,4682.5,4930.2,5353.5,5581.4,5444.4,4432.5,4305.0,4980.0,5494.8
"프랑스령폴리네시아",-,-,-,-,-,176.5,215.7,221.0,259.6,242.9,254.0,296.9,326.4,431.3,555.3,690.3,732.3,793.2,1005.6,1215.0,1320.4,1234.7,1235.9,1284.2,1325.5,1448.3,2212.0,2678.0,2723.5,2731.7,3320.2,3410.1,3713.8,3544.6,3676.1,4187.0,4166.1,3762.9,3903.2,3911.6,3599.8,3573.8,3965.4,4927.8,5564.1,5705.1,5878.0,6631.2,7136.7,6584.6,6086.6,6203.9,5692.9,6031.8,6152.0,5325.8,5497.0,5833.4,6135.1,6022.3,5792.5,6150.6,5814.7,-
"괌",-,-,-,-,-,-,-,-,-,-,-,-,-,-,-,-,-,-,-,-,-,-,-,-,-,-,-,-,-,-,-,-,-,-,-,-,-,-,-,-,-,-,3394.0,3569.0,3869.0,4213.0,4238.0,4397.0,4658.0,4828.0,4949.0,4984.0,5265.0,5399.0,5610.0,5799.0,5901.0,6013.0,6051.0,6355.0,5916.0,6234.0,6910.0,-
"키리바시",-,-,-,-,-,-,-,-,-,-,14.3,15.3,18.9,31.7,85.6,55.1,41.1,38.7,45.2,42.6,33.0,35.6,32.5,30.6,34.2,25.8,26.1,29.4,38.3,38.0,36.7,41.3,61.7,59.2,67.3,68.9,81.4,80.2,74.8,77.4,74.8,65.2,75.0,96.0,104.4,113.8,112.2,138.1,146.8,140.4,165.1,196.0,207.1,201.8,200.1,191.6,206.7,223.0,233.9,216.9,223.0,289.2,270.5,279.0
"마셜제도",-,-,-,-,-,-,-,-,-,-,8.4,9.1,10.0,11.6,15.2,16.7,18.2,20.2,22.2,25.5,26.7,31.0,34.9,41.7,45.1,43.9,56.0,63.0,70.7,72.8,78.5,82.5,91.1,99.5,108.1,120.2,110.9,109.9,112.1,113.4,114.8,122.4,132.0,131.1,132.8,137.8,142.9,150.1,146.2,150.9,160.6,172.0,180.3,185.8,185.4,183.2,200.9,212.9,219.4,232.0,240.8,257.8,258.8,284.0
"미크로네시아",-,-,-,-,-,-,-,-,-,-,19.9,21.8,25.1,34.8,46.1,46.1,46.8,47.3,53.7,60.3,64.2,76.5,80.1,84.1,84.7,101.9,112.2,116.7,124.7,135.2,147.2,166.2,178.1,198.4,202.5,221.6,218.5,206.6,218.9,220.1,233.3,241.0,242.5,245.4,240.2,250.3,253.5,256.8,263.1,280.3,296.9,311.3,327.2,317.2,319.3,316.5,325.0,359.0,392.0,394.0,372.0,390.0,430.0,460.0
"나우루",-,-,-,-,-,-,-,-,-,-,17.6,19.0,21.7,26.5,36.0,40.1,40.3,40.4,41.8,44.4,46.9,51.7,52.9,48.4,47.4,41.5,39.9,40.1,45.9,53.7,55.6,52.5,51.1,43.5,39.7,40.0,37.5,37.3,29.7,27.3,26.9,22.6,21.0,24.8,30.6,30.1,29.2,22.8,37.6,44.2,47.6,65.1,101.1,94.4,99.1,84.9,97.5,109.4,131.0,125.2,124.7,175.4,153.8,154.1
"뉴칼레도니아",-,-,-,-,-,159.6,164.2,180.0,215.5,263.1,358.8,414.0,506.8,542.3,637.4,816.7,798.3,837.6,846.0,1047.2,1182.5,972.6,904.6,823.9,796.1,854.8,1201.3,1488.1,2072.8,2185.1,2529.4,2653.8,2923.9,2822.2,3038.7,3628.4,3607.0,3291.1,3556.3,3647.8,3420.0,3297.7,3740.1,4915.4,5895.0,6238.6,6979.2,8819.9,9067.6,8704.4,9364.4,10351.4,9659.2,10151.4,10635.0,8738.2,8724.6,9174.0,9896.4,9475.7,9454.6,10071.3,9623.3,-
"뉴질랜드",5536.1,5722.0,6133.2,6699.7,7340.8,5706.3,5917.4,6016.0,5228.0,5814.4,6495.6,7911.1,9567.3,12802.3,13941.0,12862.0,13604.8,15446.8,18530.5,20731.2,23244.5,24417.6,24164.6,24309.3,21666.0,24679.8,30604.7,40376.4,45176.8,43920.2,45495.1,42745.3,41649.8,46775.6,55314.7,63918.7,70140.8,66075.1,56227.2,58762.3,52623.3,53872.4,66627.7,88250.9,103905.2,114720.1,111538.8,137188.9,133131.4,121373.6,146517.5,168295.3,176210.7,190909.9,201337.6,178104.2,188898.2,206566.9,211846.6,212846.9,212697.5,253644.1,246733.5,253465.7
"북마리아나제도",-,-,-,-,-,-,-,-,-,-,-,-,-,-,-,-,-,-,-,-,-,-,-,-,-,-,-,-,-,-,-,-,-,-,-,-,-,-,-,-,-,-,1284.0,1239.0,1210.0,1061.0,990.0,938.0,939.0,795.0,799.0,729.0,746.0,772.0,832.0,910.0,1230.0,1560.0,1301.0,1181.0,858.0,-,-,-
"팔라우",-,-,-,-,-,-,-,-,-,-,11.6,12.7,14.0,15.3,16.8,18.5,20.4,22.3,24.5,27.0,29.7,32.7,36.0,39.7,44.8,51.0,58.1,66.2,75.3,85.8,97.7,106.6,104.8,96.5,106.1,121.0,137.5,143.9,149.1,144.2,149.5,159.5,162.7,154.6,166.4,191.0,193.7,200.9,201.2,190.0,188.2,198.9,215.8,224.3,245.7,287.2,305.4,292.3,288.2,281.8,261.2,229.9,242.3,263.0
"파푸아뉴기니",230.5,244.8,261.2,276.0,305.3,344.2,391.0,441.7,485.2,551.3,645.6,717.8,858.8,1299.1,1467.4,1356.6,1511.8,1640.7,1947.9,2293.8,2545.8,2498.2,2368.7,2562.4,2552.7,2423.3,2648.0,3143.9,3656.2,3546.5,3219.7,3787.4,4378.0,4974.6,5502.8,4636.1,5155.3,4936.6,3789.4,3477.0,3521.3,3081.0,2999.5,3536.4,3927.2,4865.9,8354.9,9545.0,11670.9,11619.5,14250.8,17985.1,21295.2,21261.3,23210.8,21723.4,20758.9,22742.7,24109.8,24751.1,23848.4,26113.3,31603.6,30932.5
"사모아",-,-,-,-,-,-,-,-,-,-,45.2,53.7,62.6,82.5,93.5,93.5,85.0,98.3,108.2,122.3,125.7,118.2,121.2,111.9,109.2,95.6,100.9,111.7,133.0,122.9,125.8,125.6,132.3,133.1,221.1,224.9,249.9,285.5,269.5,255.4,258.9,266.3,281.8,333.4,407.7,476.8,499.9,573.5,641.3,628.0,680.3,744.1,773.1,797.7,796.7,824.2,843.9,884.8,878.4,913.0,868.9,843.9,832.9,934.1
"솔로몬제도",-,-,-,-,-,-,-,25.2,28.1,28.6,-,50.1,40.6,55.3,84.5,74.6,83.1,93.1,111.0,151.3,182.9,193.8,192.9,181.2,181.6,165.5,147.6,155.1,176.5,172.9,214.9,227.5,269.0,300.7,402.8,469.4,510.6,526.6,457.6,488.0,419.8,409.5,346.4,417.7,468.0,552.9,617.3,695.3,776.3,805.6,898.1,1063.9,1185.2,1285.9,1335.6,1307.9,1379.5,1469.8,1615.5,1619.2,1536.1,1522.8,1566.4,1631.3
"통가",-,-,-,-,-,-,-,-,-,-,-,-,-,-,-,32.5,30.0,34.1,41.6,44.7,53.3,62.2,62.1,60.9,64.2,60.1,68.2,81.7,106.7,106.3,113.6,132.2,137.1,138.5,196.0,208.9,222.1,215.0,191.5,199.2,204.8,181.1,182.8,202.2,230.7,261.8,292.2,298.5,344.4,312.4,366.8,414.5,470.7,450.7,439.9,437.0,420.5,460.4,488.9,512.1,484.8,469.2,500.3,-
"투발루",-,-,-,-,-,-,-,-,-,-,2.6,2.7,3.0,3.4,4.1,4.0,3.9,3.7,3.8,4.1,4.2,4.8,4.1,4.2,4.5,3.9,4.6,5.0,7.0,8.5,9.5,10.1,10.5,10.4,11.8,11.9,13.3,13.7,13.8,14.8,15.1,14.0,16.8,19.5,22.8,22.9,24.1,28.5,31.9,28.1,32.1,39.2,39.3,38.6,38.8,36.8,41.6,45.3,48.0,54.1,51.7,60.2,59.1,62.3
"바누아투",-,-,-,-,-,-,-,-,-,-,-,-,-,-,-,-,-,-,-,119.3,121.2,113.8,114.5,117.4,144.5,131.9,126.5,139.5,158.4,154.0,168.9,201.3,209.1,200.5,233.7,249.3,261.4,272.8,262.3,268.0,272.0,257.9,262.6,314.5,365.0,395.0,439.4,516.4,590.7,592.6,670.7,770.2,747.8,758.3,772.3,730.9,780.9,880.1,914.7,936.5,909.4,950.4,1022.2,1126.3
