국가,배출원,항목,단위,1988 년,1989 년,1990 년,1991 년,1992 년,1993 년,1994 년,1995 년,1996 년,1997 년,1998 년,1999 년,2000 년,2001 년,2002 년,2003 년,2004 년,2005 년,2006 년,2007 년,2008 년,2009 년,2010 년,2011 년,2012 년,2013 년,2014 년,2015 년,2016 년,2017 년,2018 년,2019 년,2020 년,2021 년,2022 년
대한민국,에너지,배출원별 온실가스 배출량,,,,240294.4846,258113.1879,278995.6349,308499.8086,327799.6796,352000.6819,385582.1095,411617.5285,351493.3078,382112.7798,411584.709,425928.6322,445254.6332,452962.4605,460054.6416,469333.9397,474631.2588,492132.3822,506048.645,512320.7746,564678.6543,593697.4135,594966.1118,602945.0458,595638.8481,598980.4876,600950.3384,614421.6579,630679.1767,609566.834,568060.442,587730.603,
대한민국,산업 공정 및 제품 사용,배출원별 온실가스 배출량,,,,20445.09645,24351.02256,29955.35689,34422.52483,38742.54029,43147.14986,44771.00948,49643.92029,40765.69129,48423.79299,50869.86074,49389.0035,53682.85184,56488.92474,58664.69273,54561.95361,54323.07524,51144.79976,50734.42025,47786.84651,53005.8315,52954.07016,54433.90447,55064.01717,57917.25202,54493.24193,53466.79756,56453.88138,55796.1463,52168.79144,48527.68857,51397.6156,
대한민국,농업,배출원별 온실가스 배출량,,,,20971.69685,21238.36345,21640.66984,22108.39014,22554.06664,22820.64849,23333.73263,23341.75331,23066.85372,21941.912,21368.79123,20868.2954,20731.307,20473.99632,20567.85425,20738.72773,20844.82036,21070.50426,21145.9855,21654.56763,22070.24878,21120.56692,21470.18203,21347.72355,21374.42581,20983.963,20809.52026,20958.19297,21135.52763,20964.73088,21173.06173,21414.89869,
대한민국,폐기물,배출원별 온실가스 배출량,,,,10393.78495,11650.03739,12762.48495,13515.25388,14472.32698,15819.44458,16593.44878,17309.04879,16108.6031,16936.34362,18907.08898,19822.78649,18789.27871,18883.05198,17755.63523,16848.74352,17104.28717,15848.46416,15611.66687,15557.18023,15351.56439,16026.07215,16134.77937,16358.5154,15849.39225,16883.37145,17183.11868,17588.56367,17416.43083,16513.31394,16684.26682,16104.78761,
방글라데시,에너지,배출원별 온실가스 배출량,,,,,,,,15210,,,,,,,30777.67,,,,38645.07,,,,,,,,,,,,,,,,,
방글라데시,산업 공정 및 제품 사용,배출원별 온실가스 배출량,,,,,,,,1281.48,,,,,,,2915.85,,,,2912.7,,,,,,,,,,,,,,,,,
방글라데시,농업,배출원별 온실가스 배출량,,,,,,,,28122.39,,,,,,,38292.81,,,,43118.89,,,,,,,,,,,,,,,,,
방글라데시,폐기물,배출원별 온실가스 배출량,,,,,,,,1312.29,,,,,,,12920.53,,,,14765.58,,,,,,,,,,,,,,,,,
중국,에너지,배출원별 온실가스 배출량,,,,,,,,3007780,,,,,,,,,,,6243000,,,,,8282832,,9337323,,9558575,,,,,,,,
중국,산업 공정 및 제품 사용,배출원별 온실가스 배출량,,,,,,,,282631,,,,,,,,,,,871000,,,,,1299909,,1462349,,1717012,,,,,,,,
중국,농업,배출원별 온실가스 배출량,,,,,,,,605086,,,,,,,,,,,788000,,,,,828413,,937856,,829845,,,,,,,,
중국,폐기물,배출원별 온실가스 배출량,,,,,,,,162120,,,,,,,,,,,113000,,,,,132177,,158237,,194768,,,,,,,,
키프로스,에너지,배출원별 온실가스 배출량,,,,3952.5,4485.04,4808.67,4985.59,5197.89,5105.05,5400.03,5523.11,5865.32,6130.61,6355.2,6249.67,6410.69,6801.44,6941.75,7139.72,7324.45,7646.31,7859.01,7788.16,7551.64,7255.22,6772.66,5849.91,5997.56,6121.94,6498.48,6581.02,6515.56,6570.34,6063.73,6225.9,6260.04
키프로스,산업 공정 및 제품 사용,배출원별 온실가스 배출량,,,,727.93,687.86,762.12,833.5,870.23,839.72,904.13,876.05,840.12,852.94,882.16,875.28,918.25,932.75,1014.78,1003.19,1059.55,1072.03,1093.84,929.89,809.86,811.54,772.13,1013.2,1241.76,1157.03,1185.19,1248.9,1198.19,1168.96,1266.17,1284.79,1313.33
키프로스,농업,배출원별 온실가스 배출량,,,,454.74,461.28,491.51,519.7,514.25,544.36,551.74,541.38,543.56,534.94,542.91,586.22,609.97,592.67,572.69,525.54,531.15,529.5,508.12,500.49,514.8,506.9,484.68,449.17,437.26,441.85,462.39,476.12,481.8,495.53,531.55,546.27,533.63
키프로스,폐기물,배출원별 온실가스 배출량,,,,435.18,440.71,449.08,459.8,472.74,481.39,487.64,497.08,504.51,513.07,523.24,533.6,541.54,544.68,548.53,557.57,557.86,559.92,570.25,577.38,583.92,588.96,599.05,609.15,619.19,623.02,626.15,633.61,643.33,654.18,653.35,660.59,665.31
인도,에너지,배출원별 온실가스 배출량,,,,,,,,743820,,,,,,1027016.49,,,,,,,,,,1510119.38,,,,,,2129743,,,,,,
인도,산업 공정 및 제품 사용,배출원별 온실가스 배출량,,,,,,,,102710,,,,,,88596.13,,,,,,,,,,171488.54,,,,,,226368.95,,,,,,
인도,농업,배출원별 온실가스 배출량,,,,,,,,344485,,,,,,355601.65,,,,,,,,,,390165.38,,,,,,407973,,,,,,
인도,폐기물,배출원별 온실가스 배출량,,,,,,,,23233,,,,,,52552.29,,,,,,,,,,65052.8,,,,,,75340,,,,,,
인도네시아,에너지,배출원별 온실가스 배출량,,,,169616.37,186373.05,198279.83,208146.43,222099.84,,,,,,280936.22,327938,340323,350044,368508,372891,391424,386593,409736,398639,453178,488936,508120,545408,602458,652077,618580,,,,,,
인도네시아,산업 공정 및 제품 사용,배출원별 온실가스 배출량,,,,14302.76,14702.13,15589.82,17388.26,19143.81,,,,,,42668.96,48269,41688,41402,43146,42296,38641,35919,36499,37546,36033,35910,40078,39164,47489,48665,49629,,,,,,
인도네시아,농업,배출원별 온실가스 배출량,,,,75101.12,83585.46,84851.89,84852.37,84507.24,,,,,,73399.98,97789,97479,98547,100299,102419,101819,105757,103030,107733,108487,108718,112727,112104,113441,111311,117100,,,,,,
인도네시아,폐기물,배출원별 온실가스 배출량,,,,7798.14,7949.76,8107.05,8270.43,8440.32,,,,,,157328.32,63953,66421,69146,71148,73130,78358,79678,80445,84644,88013,92698,96325,99903,101560,95281,97915,,,,,,
이란,에너지,배출원별 온실가스 배출량,,,,,,,,321355.86,,,,,,377804.22,,,,,,,,,,,,,,,,,,,,,,
이란,산업 공정 및 제품 사용,배출원별 온실가스 배출량,,,,,,,,25474.23,,,,,,31262.87,,,,,,,,,,,,,,,,,,,,,,
이란,농업,배출원별 온실가스 배출량,,,,,,,,30303.9,,,,,,42993.11,,,,,,,,,,,,,,,,,,,,,,
이란,폐기물,배출원별 온실가스 배출량,,,,,,,,8299.31,,,,,,31608.97,,,,,,,,,,,,,,,,,,,,,,
이스라엘,에너지,배출원별 온실가스 배출량,,,,,,,,,,50589.54881,,,,59045.23815,,,60742.88332,60599.48822,60661.6061,61587.88165,64419.9502,63986.49303,61540.0911,63194.04322,65009.93539,70310.44783,64300.08777,62234.06917,64126.43233,63399.73294,63112.76275,62973.9182,64207.55798,61198.68626,60806.89649,62853.26355
이스라엘,산업 공정 및 제품 사용,배출원별 온실가스 배출량,,,,,,,,,,2353.50013,,,,2740.40485,,,2270.01725,2353.7198,2560.25287,2648.11702,2676.67125,4527.27084,3183.77689,3985.98282,4791.93058,4945.99062,5294.01971,4928.84398,6064.68727,6615.09452,6067.09547,6375.3541,6301.14393,7634.18878,6618.7392,6968.39541
이스라엘,농업,배출원별 온실가스 배출량,,,,,,,,,,2197.41,,,,2339.71559,,,2290.91143,2345.71262,2392.1785,2517.8486,2608.64652,2563.41556,2464.30699,2474.10616,2130.17137,2132.70631,2217.11304,2283.76416,2330.00975,2267.42446,2323.14743,2364.49166,2393.14168,2325.02847,2388.91264,2419.33143
이스라엘,폐기물,배출원별 온실가스 배출량,,,,,,,,,,3410.02003,,,,4013.28292,,,5379.467,5738.89173,6125.28877,6454.46055,6732.2795,7007.27207,7212.2431,7640.27075,7901.19587,8162.39218,8173.95939,8337.88021,8333.08398,8554.71197,8603.16473,8632.4527,8495.84654,8583.51768,8848.79546,9107.9017
일본,에너지,배출원별 온실가스 배출량,,,,1091892.23,1102278.49,1110363.17,1104411.9,1155388.36,1167441.96,1178894.07,1173498.51,1139334.39,1175885.33,1197823.56,1185563.82,1217207.93,1226082.87,1221891.1,1228830.82,1206112.2,1242281.36,1174439.79,1113006.35,1163132.44,1213768.33,1254138.34,1261661.14,1211475.13,1172253.21,1152461.97,1136569.62,1091083.48,1055453.27,994148.09,1014950.14,989200
일본,산업 공정 및 제품 사용,배출원별 온실가스 배출량,,,,109935.81,114487.97,116363.98,118577.14,126111.46,136267.49,138425.43,135494.76,122783.62,110201.29,108272.18,97263.2,90634.25,89399.6,86028.79,87081.51,89933.62,89005.17,84597.47,77353.16,80646.09,82477.06,85078.4,89366.01,91994.41,93006.62,96071.86,98894.42,99902.42,101078.22,100710.99,103258.47,93400
일본,농업,배출원별 온실가스 배출량,,,,37515.64,37131.79,37893.21,37903.45,38001.16,37096.27,36294.4,36355.49,35222.64,35263.06,35238.81,34514.6,34675.01,34256.02,34113.11,34527.66,34367.62,34731.59,33618.89,33439.29,33667.46,32928.63,32555.29,32782.1,32373.6,32118.87,32142.07,32255.97,32023.19,31990.59,32101.38,32174.35,33500
일본,폐기물,배출원별 온실가스 배출량,,,,29990.35,29898.05,30991.66,30499.65,32928.78,33012.53,33133.71,33461.48,32963.53,32312.72,31968.86,30219.81,29096.69,28713.55,27796.29,27023.88,25666.81,25282.14,25851.26,22750.82,22600.75,21567.11,21822.13,21541.18,20667.88,20457.5,19470.87,19016.27,19706.63,19220.33,17972.04,17711.5,17500
카자흐스탄,에너지,배출원별 온실가스 배출량,,,,316244.47,302291.38,276507.25,244353.03,207358.25,192991.23,182962.51,174424.99,178677.23,143803.65,168959.96,161524.58,183869.94,201903.84,212549.66,222570.9,240999.03,242029.87,240719.56,235322.22,257820.69,248619.59,254738.01,261724.12,281213.02,282816.83,282278.12,299696.88,316162.79,282377.42,259502.41,261932.51,
카자흐스탄,산업 공정 및 제품 사용,배출원별 온실가스 배출량,,,,22737.4,21713.8,19795.85,16820.65,12685.17,13990.09,12257.19,15771.28,16338.77,16797.1,17341.32,18159.78,18413.38,20194.54,20326.22,20853.67,22444.7,23387.31,21813.78,21299.45,20182.94,21131.87,21364.77,23654.62,24135.95,25774.75,24840.59,25563.97,24535.75,25792.76,27031.37,27083.92,
카자흐스탄,농업,배출원별 온실가스 배출량,,,,43860.95,46710.63,51645.61,53829.14,49801.06,50143.38,49197.3,50724.01,54506.17,60597.27,70620.38,64111.29,58155.41,52349.91,46385.12,40313.21,34378.88,34527.19,34121.82,33974.5,33385.84,31889.91,30973.61,30773.52,32104.95,33304.86,34566.21,36228.6,37856.18,39101.92,41419.52,42845.43,
카자흐스탄,폐기물,배출원별 온실가스 배출량,,,,3839.97,3820.17,3714.98,3606.06,3498.35,3442.99,3456.02,3447.36,3452.87,3463.17,3512.47,3590.86,3556.64,3581.23,3661.78,3728.61,3872.18,3929.31,4052.75,4293.09,4466.03,4470.9,4609.18,4717.28,4867.2,4930.66,5102.43,5167.35,5281.85,5418.56,6017.66,6261.51,
사우디아라비아,에너지,배출원별 온실가스 배출량,,,,129499.63,,,,,,,,,,245252.68,,,,,,,,,,442664.98,,456087.83,,,,540802.5,,,,,,
사우디아라비아,산업 공정 및 제품 사용,배출원별 온실가스 배출량,,,,11081.87,,,,,,,,,,19407.78,,,,,,,,,,48282.3,,54497.74,,,,77968.9,,,,,,
사우디아라비아,농업,배출원별 온실가스 배출량,,,,11352.76,,,,,,,,,,12331.11,,,,,,,,,,10356.86,,11749.28,,,,,,,,,,
사우디아라비아,폐기물,배출원별 온실가스 배출량,,,,13334.71,,,,,,,,,,19068.3,,,,,,,,,,24028.01,,25278.5,,,,32740.3173,,,,,,
사우디아라비아,기타,배출원별 온실가스 배출량,,,,,,,,,,,,,,,,,,,,,,,,,,649.2,,,,,,,,,,
튀르키예,에너지,배출원별 온실가스 배출량,,,,139535.55,143983.1,150341.22,156814.96,153335.04,166297.69,184013.16,196147.84,195823.74,193802.15,216044.85,199204.78,205958.71,220452.62,226300.95,244483.37,260509.76,291535.94,288334.07,292889.96,287877.78,309968.78,321639.06,308345.63,326711.83,341993.64,361746.96,382412.2,373402.46,365581.45,366566.98,402480.49,400585.8487
튀르키예,산업 공정 및 제품 사용,배출원별 온실가스 배출량,,,,22856.1,24578.54,24292.5,24797.57,24106.12,25523.06,26159.57,27007.04,27313.35,25784.05,26198.5,25847.9,26830.15,28182.65,30761.67,34251.26,36760.78,39667.41,41685.01,43069.37,49059.96,53960.75,56265.53,59327.31,60056.5,59718.95,63754.29,66628.25,67738.22,59002.53,67962.3,75135.77,69908.21383
튀르키예,농업,배출원별 온실가스 배출량,,,,46053.68,46927.9,46978.76,47406.98,44926.27,44079.79,44757.27,42505.02,43720.12,44276.39,42332.13,39893.71,37607.79,40558.17,41297.53,42439.07,43899.69,43421.25,41301.78,42031.85,44409.31,46901.07,52662.08,55857.58,56219.32,56133.27,58893.78,63262.4,65337.76,68022.31,73153.5,72075.48,71511.54995
튀르키예,폐기물,배출원별 온실가스 배출량,,,,11080.83,11305.19,11520,11752.23,12020.41,12348.37,12651.39,13153.94,13461.74,13914.2,14341.27,14793.74,15226.71,15601.35,16063.42,16401.3,16832.31,17072.41,17173.7,17185.96,17446.12,17786.99,17617.8,16664.79,16501.86,17121.68,16712.88,16263.08,16629.6,16119.58,16308.03,14698.01,16264.86932
캐나다,에너지,배출원별 온실가스 배출량,,,,471564.75,463345.99,480805.1,482148.22,498284.31,512687.7,531292.29,547157.17,555281.71,568995.35,593164.24,585778.2,588808.27,603826.25,601460.52,599887.08,593335.34,618305.84,602172.05,571038.25,581702.95,588018.26,586546.24,593018.02,594065.85,596085.21,576633.11,586428.15,595936.32,596061.47,531887.29,543183.91,
캐나다,산업 공정 및 제품 사용,배출원별 온실가스 배출량,,,,56965.6,58370.82,56113.46,55870.09,57775.31,58394.4,60677.44,60188.8,56995.53,54498.48,54022.41,51946.22,53928.93,56040.73,60111.31,56510.77,56909.58,55462.2,54666,47450.78,50576.8,54075.15,58384.64,56159.21,53866.35,53427.35,54231.49,52444,53868.76,52882.46,50360.25,51943.38,
캐나다,농업,배출원별 온실가스 배출량,,,,41139.87,41316.43,43165.93,44259.94,46068.84,48126.2,49140.28,49393.93,50056.66,50138.69,50960.37,51395.84,51326.39,52768.44,53594.3,54147.31,53230.54,52881.64,52479.18,50480.51,49517.93,49128.85,51075.9,52713.18,51251.6,52277.46,52947.55,52087.67,53488.29,53617.56,55491.18,54243.76,
캐나다,폐기물,배출원별 온실가스 배출량,,,,18932.61,18997.99,19158.18,19465.4,19805.66,19861.98,19657.8,19654.32,20100.92,20884.42,21316.69,21051.58,21426.18,21505.12,21559.34,21674.93,21813.77,21420.4,21484.01,20579.78,20069.86,20090.56,20363.72,21205.9,21011.66,21128.25,21115.72,21273.97,21322.41,21117.8,21049.67,21057.25,
멕시코,에너지,배출원별 온실가스 배출량,,,,306533.4342,317662.7927,318971.0835,321293.992,341343.9322,330756.7432,350170.9256,372277.5301,394475.7802,383000.0777,397055.0934,393369.0619,412265.5931,408454.918,417404.1163,433418.8143,443865.1007,471095.9434,512522.8989,495991.9797,480763.4906,495065.1448,487068.3598,487619.4559,486562.551,494298.9601,535568.9124,499325.5378,497499.5398,467892.3737,,,
멕시코,산업 공정 및 제품 사용,배출원별 온실가스 배출량,,,,32510.56772,31324.83417,32275.71191,33118.0512,35916.25923,36026.2526,40674.55764,43860.36678,44221.41907,48125.6835,49578.04135,47907.3676,46642.95352,48637.04155,58103.58095,51969.30151,55630.06155,57941.9571,60457.81315,56959.48241,64301.61978,62059.84443,62459.79331,65101.66483,68774.21272,66910.44592,67972.88714,70978.706,74768.84986,73672.41354,,,
멕시코,농업,배출원별 온실가스 배출량,,,,113622.0181,112352.1927,111019.3621,109852.8525,115726.1624,114104.3094,106826.707,109944.5928,111892.9722,110489.6236,112518.7862,112430.4408,115970.2215,117016.6821,118010.3567,116683.6347,117124.1716,119802.7309,122692.5624,126136.4296,130221.3562,134991.9374,126306.5402,134986.9846,130253.7769,134064.7849,130678.3795,134900.5531,140362.5834,140807.2364,,,
멕시코,폐기물,배출원별 온실가스 배출량,,,,14747.10381,16189.10951,17663.53542,19395.39592,20975.64673,22677.94646,24017.25852,25901.88315,27238.95686,27526.92353,28662.49161,30292.26709,31543.1731,32756.43018,33298.91996,34854.40835,36656.11905,38585.3131,40579.29863,42617.12201,44410.8314,45760.02427,46567.20819,47745.08387,49407.65424,50504.64143,51320.21206,51901.55826,52969.82178,54257.54911,,,
미국,에너지,배출원별 온실가스 배출량,,,,5367967.96,5321001.02,5428387.82,5517494.03,5606349.71,5653816.02,5841730.21,5912699.69,5953553.57,6012148.73,6222786.15,6139423.2,6168105.89,6236882.19,6335101.38,6351529.16,6277856.55,6347933.34,6162944.91,5759993.15,5932070.82,5783730.9,5564123.41,5714074.35,5754116.66,5596807.36,5450777.08,5418740.17,5589457.28,5460638.45,4893979.96,5196583.32,5199800
미국,산업 공정 및 제품 사용,배출원별 온실가스 배출량,,,,335351.37,317345.74,322847.57,322186.4,333890.24,362307.45,374103.32,379719.9,386119.47,382438.53,380991.1,345855.09,353973.57,342072.66,355236.52,356056.54,365336.35,381744.72,360170.19,312922.59,352006.12,366975.72,357244.47,357212.67,368665.97,363910.56,357575.72,359082.41,362175.24,366822.71,363206.02,376382.97,383200
미국,농업,배출원별 온실가스 배출량,,,,548049.16,540745.92,543748.62,561732.36,566157.53,572213.84,577540.93,566768.31,574997.06,571724.9,564996.91,573120.99,577240.26,576707.5,579374.34,577719.13,574740.6,594020.13,586175.65,585703.91,590985.63,582369.36,572600.86,597546.16,603008.19,604944.41,601754.03,613096.61,629494.02,614462.11,597264.51,598099.06,593400
미국,폐기물,배출원별 온실가스 배출량,,,,235962.45,239313.51,239896.11,238112.71,238769.31,233596.4,230155.17,220018.96,210014.17,203573.26,200388.8,195123.03,193958.02,197040.01,194652.68,192053.53,189988,187749.77,185250.96,182121.88,183135.34,174127.25,176564.79,172827.92,172734.78,171696.3,168325.54,170905.25,173705.11,175993.61,171523.12,169162.94,166900
아르헨티나,에너지,배출원별 온실가스 배출량,,,,99235.84,104853.36,108464.07,110161.6,115130.37,117659.21,133719.6,134550.71,142397.25,145028.21,142098.91,138806.01,131191.84,141092.01,153332.92,157238.08,166263.96,180500.38,185816.33,172784.4,186078.45,194572.19,194852.76,197600.56,194255.15,200178.83,200766.68,194993.32,193052.83,185617.96,170793.54,,
아르헨티나,산업 공정 및 제품 사용,배출원별 온실가스 배출량,,,,8582.64,7957.98,7946.02,8507.21,9740.34,9695.98,10244.45,11437.04,11748.58,11146.34,10635.21,11058.41,10882.28,12618.41,14005.33,15345.97,15828.81,16552.37,16382.53,14667.04,17026.3,18397.35,17460.93,19057.84,20463.12,21133.21,19453.38,20857.06,21264.03,20329.55,18550.99,,
아르헨티나,농업,배출원별 온실가스 배출량,,,,145877.99,168254.2,172173.13,166709.33,166781.99,169656.34,186072.03,180545.7,196390.1,185331.7,188649.28,190024.16,201466.55,203764.75,207673.75,197083.43,215441.89,222042.53,195396.69,166924.03,166480.6,142888.46,182526.58,179486.88,152269.53,129113.1,124815.51,135992.59,136441.47,106692.23,169567.79,,
아르헨티나,폐기물,배출원별 온실가스 배출량,,,,9272.96,9532.75,9748.88,9955.72,10224.55,10535.22,10845.65,11165.11,11451.36,11713.97,12044.26,12439.2,12637.39,13106.88,13463.23,13877.38,14238.73,14267.85,14038.93,13766.69,14004.07,14307.2,14749.3,15169.2,15636.5,16099.1,16422.34,16719.06,17057.12,17361.02,17528.81,,
브라질,에너지,배출원별 온실가스 배출량,,,,185854.3,191547.6,194899.8,199787.3,208545.8,223359.4,239130.2,254209.9,264224.9,276175.1,283268.4,293404.5,291813,286410.6,302319.9,312622.8,317201,330776.1,350257.9,338925.2,370983.1,384587.1,418455.1,452368.3,478164.9,454055.9,422498.4,,,,,,
브라질,산업 공정 및 제품 사용,배출원별 온실가스 배출량,,,,52059.52,58732.89,57273.45,61650.1,62232.6,65357.8,66718.12,68348.7,70978.15,70696.67,73896.54,70270.45,74503.3,75137.31,80350.71,78249.07,79533.98,79425.61,82151.08,72694.17,89945.9,94865.59,95929.01,96775.97,97327.14,96171.89,90106.78,,,,,,
브라질,농업,배출원별 온실가스 배출량,,,,287131.5,295671.3,301875.2,303862.3,311226.7,316916.5,303466.9,309781.6,313783.2,317660,328366.6,339602.1,352044.8,372840.6,387881.4,392492.4,392392.3,383932.4,389962,396189.9,407072.4,419107.3,414986.7,420968.6,425702.4,429510.1,439212.8,,,,,,
브라질,폐기물,배출원별 온실가스 배출량,,,,27595.5,28649.7,29799.9,30799.7,31900.4,33136.2,34393.6,35689.4,36886.1,38395.8,39630.6,40807.1,42602,44397.2,45335.2,46812.6,48228.1,49484.5,50221.8,50776.2,53053.7,55603.3,56573.8,60872.8,61702.6,61939.1,62884.4,,,,,,
칠레,에너지,배출원별 온실가스 배출량,,,,33336.11,31713.51,32772.03,34902.67,37025.58,39740.04,45127.09,51305.62,51822.78,54291.44,51803.96,49910.29,50503.93,51353.4,56037.18,56662.46,57637.73,66736.36,68259.58,65867.55,65751.02,74228.21,78784.39,77090.56,73872.86,79395.58,83101.5,83547.34,84202.93,84860.69,79724.33,,
칠레,산업 공정 및 제품 사용,배출원별 온실가스 배출량,,,,1890.02,1662.93,2026.27,2169.3,2375.51,2377.2,2396.95,2128.91,2604.63,3033.05,3150.85,3224.91,3205.87,3602.74,3937.5,4292.34,4613.9,4715.14,3880.62,3763.29,3765.1,4134.98,4895.05,5054.23,5036.66,5264.29,5741.42,5904.6,6221.19,7382.82,6930.22,,
칠레,농업,배출원별 온실가스 배출량,,,,12008.06,12086.84,12477.31,12827.05,13151.56,13449.69,13563.92,14022.02,13965.58,13959.46,13798.57,13640.58,13769.33,13491.61,13897.81,13737.36,13879.27,14005.25,13750.36,13340.67,13090.53,12493.92,12589.5,12695.03,12309.86,12104.87,11969.4,11732.03,11651.84,11333.74,11237.74,,
칠레,폐기물,배출원별 온실가스 배출량,,,,1584.47,1644.24,1795.68,1874.04,1963.99,2093.99,2226.66,2360.61,2489.58,2594,2745.35,3181.55,3672.06,3736.78,3859.38,4071.44,4548.13,4539,4270.78,3960.45,4363,4758.63,4798.31,5598.37,5577.21,6274.29,6733.15,6840.64,7384.85,7449.34,7659.63,,
콜롬비아,에너지,배출원별 온실가스 배출량,,,,50306.4,52108.98,55911.27,57167.51,57004.3,59467.53,60094.89,64701.93,64909.16,59744.44,61748.68,59431.41,58356.61,60025.4,61153.72,64136.23,67511.33,67449.4,69567.69,74469.09,81270.43,79751.89,83709.76,88317.74,90827.93,93466.22,95654.07,88715.46,92939.78,,,,
콜롬비아,산업 공정 및 제품 사용,배출원별 온실가스 배출량,,,,4376.13,4482.8,4700.79,4997.47,5711.3,5952.52,5563.67,6036.73,5700.07,4729.04,5184.35,5200.8,5578.14,6074.34,6263.93,7453.99,7727.55,8363.88,7883.41,7342.59,7584.77,8145.52,9032.47,9205.94,9565.36,9563.27,10114.97,10170.89,10494.71,,,,
콜롬비아,농업,배출원별 온실가스 배출량,,,,40651.12,40834.26,41179.79,41550.76,41978.46,41228.94,42566.77,42847.65,42724.72,43253.62,43057.71,43930.51,44427.71,46609.15,47635.09,47500.16,47679.68,48821.32,47623.98,48435.68,49726.44,49513.91,48464.81,48512.48,48175.41,49549.39,50697.81,51656.17,56818.79,,,,
콜롬비아,폐기물,배출원별 온실가스 배출량,,,,6545.1,6998.71,7779.41,7946.56,8350.8,8950.58,8996.24,9582.49,9796.12,10151.75,10652.97,11204.04,11728.8,11956.67,12499.12,13378.96,13812.84,14403,15047.96,15425.54,16478.79,16687.29,16518.81,16619.58,17270.59,18058.18,19162.02,20492.98,20473.95,,,,
코스타리카,에너지,배출원별 온실가스 배출량,,,,2890.00114,2936.01165,3667.37455,3816.05165,4570.55221,4672.88413,4533.35346,4427.80419,4933.83831,5044.92763,4989.42775,5285.8516,5403.04374,5731.92006,5749.29718,5946.96818,6437.17408,7116.5531,7107.71008,6777.61585,7037.87928,7326.27116,7307.94822,7631.4202,7662.0292,7327.52693,7874.25165,7981.59172,8242.50364,8152.80144,7083.00271,,
코스타리카,산업 공정 및 제품 사용,배출원별 온실가스 배출량,,,,542.60034,478.66382,547.9272,553.3542,552.59332,578.29536,618.30052,399.16871,435.8011,445.9728,583.78025,622.68732,641.80502,626.47641,600.00486,645.69679,772.03109,836.1401,856.0184,885.15189,869.64123,920.102,996.55656,1103.41202,1282.3448,1317.9784,1324.08582,1394.7067,,,,,
코스타리카,농업,배출원별 온실가스 배출량,,,,3747.27877,3594.31158,3496.61827,3396.75157,3322.37806,3211.0903,3119.83664,3098.42953,3024.09138,2976.08539,2900.39806,2864.94929,2908.24127,2906.26807,2913.55758,2882.03947,2838.2395,2896.52589,2875.04995,2971.23553,3057.69963,3083.60158,3098.9642,2976.33086,2842.90504,2866.59888,2916.42937,2962.7606,,,,,
코스타리카,폐기물,배출원별 온실가스 배출량,,,,1016.68177,1047.65026,1085.40032,1126.33979,1176.75804,1231.33099,1291.35419,1347.12618,1418.09697,1484.71433,1472.14664,1518.5156,1565.41879,1628.30594,1661.30254,1721.30865,1770.11174,1829.47718,1870.60516,1900.56429,1930.73906,1954.89674,2002.09046,2024.57901,2062.85758,2091.53632,2119.69313,2138.53603,,,,,
페루,에너지,배출원별 온실가스 배출량,,,,,,,,,,,,,,33004.04017,33841.34187,34678.64357,35515.94527,36353.24697,37190.54867,39810.78867,42431.02867,45051.26867,47671.50867,50291.74867,51209.679,52127.60932,54318.05918,56508.50904,58126.34057,59744.1721,60137.94651,60531.72091,63238.17372,,,
페루,산업 공정 및 제품 사용,배출원별 온실가스 배출량,,,,,,,,,,,,,,2797.8786,2959.7671,3121.91741,3284.45985,3447.53301,3621.01433,3737.10919,3921.13411,4108.18724,4297.85834,4504.5326,4824.99306,5162.61392,5721.92506,6248.54008,6375.58708,6564.19267,6830.99121,7137.04878,7475.47052,,,
페루,농업,배출원별 온실가스 배출량,,,,,,,,,,,,,,24925.89956,25189.29096,25452.68236,25716.07376,25979.46517,26242.85657,26560.96847,26879.08037,27197.19227,27515.30417,27833.41607,27988.39432,28143.37257,28015.53918,27887.70579,27894.25525,27900.80472,27861.03834,27821.27197,28478.34327,,,
페루,폐기물,배출원별 온실가스 배출량,,,,,,,,,,,,,,7265.69114,7388.64452,7511.73078,7639.492,7767.62048,7896.33115,8050.69144,8092.77431,8109.39875,8203.17476,8322.3755,8489.00105,8691.32875,8936.10057,9342.75212,9570.37318,9700.87911,10017.49359,10359.05582,10418.37918,,,
오스트리아,에너지,배출원별 온실가스 배출량,,,,52665.86,56275.22,51740.57,52087.29,51614.23,54161.12,58178.66,57033.75,56887.3,55789.77,55289.86,59455.34,60621.38,66129.33,66228.82,66714.45,63921.11,60488.28,59531.41,56389.24,59278.73,56970.2,54828.76,55004.06,51278.97,53061.94,54285.44,55998.51,54552.64,54935.09,49993.83,51916.48,48463.95
오스트리아,산업 공정 및 제품 사용,배출원별 온실가스 배출량,,,,13633.34,13699.14,12060.56,12014.25,12844.94,13624.94,13115.62,14092.6,13693.12,13472.32,14416.52,14336.52,15060.06,15080.7,14751.28,15653.44,16180.82,16929.71,17307.37,13973.31,15938.36,16130.24,15731.99,16121.65,16247.85,16749.59,16437.43,17190.91,15535.22,16469.66,15461.44,16891.69,15929.48
오스트리아,농업,배출원별 온실가스 배출량,,,,8416.29,8326.98,7984.35,8088.13,8050.29,8144.98,8009.14,7950.28,7925.45,7800.92,7657.07,7574.94,7452.69,7298.29,7264.37,7196.25,7185.39,7249.82,7366.41,7410.91,7287.07,7363.15,7311.78,7310.99,7447.38,7478.71,7594.75,7549.35,7434.63,7324.23,7296.69,7321.68,7276.88
오스트리아,폐기물,배출원별 온실가스 배출량,,,,4367.18,4444.76,4391.4,4361.19,4249.05,4054.7,3841.93,3675.7,3540.05,3404.63,3276.96,3157.38,3144.79,3138.97,3198.47,3040.92,2905.78,2762.13,2635.99,2449.31,2289.01,2143.14,2016.48,1873.21,1747.1,1644.41,1545.62,1456.59,1380.95,1329.27,1278.09,1229.91,1173.71
오스트리아,기타,배출원별 온실가스 배출량,,,,0,0,0,0,0,0,0,0,0,0,0,0,0,0,0,0,0,0,0,0,0,0,0,0,0,0,0,0,0,0,0,0,0
벨라루스,에너지,배출원별 온실가스 배출량,,,,105289.29,101298.72,91172.65,79431.21,67648.79,60224,61060.41,60613.97,58769.76,56810.5,54222.4,53236.02,52990.26,53580.7,56651.33,57269.01,59671.04,57948.61,60555.47,58233.41,59916.05,58837.98,59773.18,61585.42,60594.58,56237.56,55883.62,57084.66,60054.05,59653.03,56696.37,58521.59,
벨라루스,산업 공정 및 제품 사용,배출원별 온실가스 배출량,,,,5667.74,5501.93,5071.04,4002.48,3255.59,3558.4,3546.37,3754.41,4149.85,4352.64,4171.99,4140.06,4151.8,4511.6,4686.52,4985.83,5323.61,5530.3,5669.05,5595.77,5877.42,5856.31,5945.2,6136.94,6475.94,6035.85,5652.53,5638.71,5688.61,6190.85,6274.46,6311.85,
벨라루스,농업,배출원별 온실가스 배출량,,,,29869.32,28454.45,25542.52,24742.3,21373.15,20134.78,20079.55,20484.07,20569.62,18754.7,18303.67,18075.49,17580.69,18291.25,18601.42,19483.95,19983.78,19760.94,20367.1,20905.19,20919.69,21402.79,21433.87,21168.25,20654.61,20473.15,20550.69,20941.18,20625.07,20550.41,21139.73,21178.89,
벨라루스,폐기물,배출원별 온실가스 배출량,,,,4513.54,4458.34,4245,4120.44,4065.92,4038.81,4073.83,4169.64,4268.7,4343.6,4447.87,4374.29,4402.53,4487.53,4606.53,4799.62,4878.19,5011.12,5081.21,4981.74,5171.11,5217.39,5280.36,5565.81,5646.32,5560.91,5476.46,5583.04,5834.67,5897.35,5829.72,5975.87,
벨기에,에너지,배출원별 온실가스 배출량,,,,103911.1,107560.4,105920.7,105791.5,107480.7,107793.7,112130.5,106306.2,110691.8,105345.2,106213.4,106668.4,107013.5,108117.2,107933.8,105801.3,104048.6,101908.8,101551.6,94947.77,99506.8,90028.83,89168.18,88969.96,83021.32,87248.64,85354.83,84878.48,85520.74,85771.84,78196.78,81327.88,76388.27
벨기에,산업 공정 및 제품 사용,배출원별 온실가스 배출량,,,,25505.26,24550.64,25572.2,24737.02,27626.48,29269.49,28764.12,26147.45,27298.2,26464.42,27665.32,26298.13,26178.99,26098.77,27123.79,26525.42,25806.12,24281.9,24917.51,19003.74,21662.75,21123.41,19385.55,20065.13,20381.62,20446.1,20980.54,20918.37,21232.59,19924.27,18384.65,18195.7,16863.06
벨기에,농업,배출원별 온실가스 배출량,,,,11636.47,11525.34,11519.79,11658.25,11547.73,11753.95,11668.95,11656.8,11465.83,11644.84,10853.78,10655.18,10515.25,10147.04,10069.88,9875.72,9663.5,9780.8,9643.13,9751.38,9713.64,9639.36,9575.4,9575.19,9703.25,9709.81,9595.91,9646.91,9526.43,9552.83,9508.59,9406.24,9149.05
벨기에,폐기물,배출원별 온실가스 배출량,,,,4796.24,4947.31,5069.05,4713.66,4793.8,4765.64,4666.87,4712.33,4559,4280.13,4146.06,3698.09,3708.12,3368.9,3407.19,3227.21,3209.68,3136.73,2928.1,2751.36,2645.34,2427.47,2338.77,1954.05,1766.81,1703.53,1596.91,1591.31,1489.92,1430.99,1330.51,1266.03,1175.75
벨기에,기타,배출원별 온실가스 배출량,,,,0,0,0,0,0,0,0,0,0,0,0,0,0,0,0,0,0,0,0,0,0,0,0,0,0,0,0,0,0,0,0,0,0
불가리아,에너지,배출원별 온실가스 배출량,,81562.45,81113.77,71512.08,57511.78,54690.05,55365.02,51670.14,51667.7,52414.57,49944.15,49013.5,42608.01,41081.5,44520.17,42664.92,46644.51,45221.66,45991.28,47029.76,50679.1,50027.59,44438.23,46371.11,51474.65,46654.77,40913.32,43244.82,45830.57,42745.98,45079.83,41343.66,40293.81,34708.92,40503.16,45094.32
불가리아,산업 공정 및 제품 사용,배출원별 온실가스 배출량,,13176.76,11983.84,9813.72,7681.72,6436.73,6738.86,8280.06,10270.42,10127.69,9375.26,7004.79,6198.03,7172.18,7126.08,6354.76,7001.53,7056.79,7509.51,7325.19,7775.21,6854.38,3829.88,4087.85,4631.54,4351.29,4237.03,4528.69,5162.41,5366.52,5245.92,4921.23,4591.88,4321.05,4582.44,4574.92
불가리아,농업,배출원별 온실가스 배출량,,13618.74,13066.34,12362.04,10868.1,9462.18,8020.63,6889.62,5829.84,5507.36,5536.64,5033.54,5334.79,5063.97,4832.65,4991.48,4894.87,5342.31,4964.27,4890.21,4660.48,4917.63,4720.01,5172.66,4905.32,5001.14,5421.66,5872.39,5905.52,6201.06,6030.11,5883.39,6084.78,5921.71,6076.81,5943.22
불가리아,폐기물,배출원별 온실가스 배출량,,5284.33,5126.39,5258.26,4881.73,4821.67,4600.04,3816.32,4443.13,4600.97,4577.45,4338.38,4221.91,4194.27,3922.66,3786.45,4153.85,4196.49,3882.38,3859.48,3835.41,3812.11,3730.96,3732.32,3734.94,3666.28,3741.6,3624.35,3552.21,3488.79,3252.1,3104.62,2972.43,3011.68,2868.26,2808.4
불가리아,기타,배출원별 온실가스 배출량,,0,0,0,0,0,0,0,0,0,0,0,0,0,0,0,0,0,0,0,0,0,0,0,0,0,0,0,0,0,0,0,,,,
크로아티아,에너지,배출원별 온실가스 배출량,,,,21411.71,16089.46,15439.57,16101.25,15086.74,16031.87,16627.92,17643.23,18205.95,18911.94,18254.81,19292.63,20435.48,21794.97,21222.82,21581.42,21633.73,22860.99,21660.79,20525.34,19733.47,19477.26,18063.79,17312.13,16365.3,16620.9,17026.43,17399.86,16460.01,16510.36,15561.66,16282.55,16871.72
크로아티아,산업 공정 및 제품 사용,배출원별 온실가스 배출량,,,,4408.77,3329.03,2779.68,2268.89,2503.54,2324.96,2289.8,2484.76,2247.29,2689.43,2953.06,2952.59,2924.82,2955.73,3291.83,3398.54,3581.55,3785.76,3757.97,3120.8,3404.77,3282.14,3067.5,2870.65,3103.29,3200.67,3024.37,3401.75,3379,3551.61,3642.38,3591.78,3277.06
크로아티아,농업,배출원별 온실가스 배출량,,,,4424.34,4286.56,3586.74,3413.68,3253.16,3132.04,3049.29,3188.85,2984.41,3111.83,3093.2,3226.74,3172.42,3190.91,3344.68,3361.83,3435.77,3348.68,3515.96,3067.39,3135.04,3176.97,3061.41,2800.88,2736.18,2787.2,2731.11,2829.79,2716.69,2706.8,2700.72,2687.42,2467.91
크로아티아,폐기물,배출원별 온실가스 배출량,,,,1792.49,1827.95,1858.67,1885.38,1926.06,1969.95,2005.61,2061.01,2103.46,2174.45,2234.34,2267.98,2327.86,2385.99,2461.54,2481.42,2606.3,2750.46,2946.55,3109.38,3241.64,3387.25,3479.74,3522.21,3622.94,3712.45,3745.29,3765.12,3734.26,3551.94,3371.51,3119.99,3072.74
크로아티아,기타,배출원별 온실가스 배출량,,,,0,0,0,0,0,0,0,0,0,0,0,0,0,0,0,0,0,0,0,0,0,0,0,0,0,0,0,0,0,0,0,0,0
체코,에너지,배출원별 온실가스 배출량,,,,163204.1,150464.8,145724.8,141387.8,132043.9,131369.4,134178.2,128901.9,122929.7,115394.2,123740.4,123673,120399.3,122943.6,122614.6,121841.9,121943.4,122753.9,117523.8,111392.6,113213.4,110723.4,106912,101479.5,98462.27,99457.16,100690.3,101465.9,99297.44,94283.8,84886.54,88699.77,87907.24
체코,산업 공정 및 제품 사용,배출원별 온실가스 배출량,,,,17115.22,13767.97,14522.8,13351.21,14607,14160.54,14956.03,15981.74,16137.99,13547.56,15137.16,14424.27,14193.63,15280.69,16253.68,14914.54,16047.68,16780.69,16679.19,14033.46,14881.87,15220.26,14980.28,14858.11,15663.25,15396.58,15471.95,15702.63,16267.7,15558.12,14779.81,16135.46,15045.2
체코,농업,배출원별 온실가스 배출량,,,,15747.95,13146.72,11272.09,9874.73,9060.36,9214.88,8797.92,8499.89,8179.49,8231.56,8528.71,8926.15,8495.31,7822.09,8237.86,8192.26,8221.81,8505.25,8563.57,7505.18,7519.34,8208.17,8157.85,8023.82,8034.23,8875.44,9093.25,8889.34,8594.26,8422.67,8051.05,8239.51,8422.28
체코,폐기물,배출원별 온실가스 배출량,,,,3319.42,3482.86,3468.8,3542.85,3689.59,3671.07,3698.76,3815.72,3934.44,3933.21,3979.8,4118.03,4230.67,4378.88,4315.41,4362.37,4425.41,4340.86,4546.62,4658.77,4922.25,4971.95,5145.52,5431.57,5425.52,5512.08,5545.24,5579.54,5630.5,5669.27,5675.72,5702.11,5702.11
체코,기타,배출원별 온실가스 배출량,,,,0,0,0,0,0,0,0,0,0,0,0,0,0,0,0,0,0,0,0,0,0,0,0,0,0,0,0,0,0,0,0,0,0
덴마크,에너지,배출원별 온실가스 배출량,,,,52572.56,63245.11,57433.63,59802.58,63870.16,60830.81,74258.09,64770.68,60743.21,58236.56,53810.43,55487.72,55074.16,60268.14,54669.05,51005.04,58925.24,54048.81,50802.62,48760.09,49269.19,43966.28,39427.9,41224.45,36937.08,34512.68,36128.17,33759.58,33704.36,30109.18,27179.89,28492.79,27406.15
덴마크,산업 공정 및 제품 사용,배출원별 온실가스 배출량,,,,2119.35,2274.48,2372.31,2447.45,2599.25,2824.25,2963.74,2981.24,3155.27,3401.41,3553.42,3409.8,3349.2,3340.7,3201.5,2737.49,2780.76,2824.85,2517.08,2088.58,1880.74,2028.03,2066.61,2028.76,1995.39,1830.77,2019.01,2019.53,2031.56,1827.4,1909.16,1849.28,1678.32
덴마크,농업,배출원별 온실가스 배출량,,,,13830.65,13720.59,13592.11,13587.23,13420.27,13477.56,13086.12,13119.68,13120.28,12713.44,12681.63,12733.19,12794.4,12598.32,12569.93,12368.68,12062.73,12258.68,12246.44,12070.77,12023.81,11994.63,11987.02,11966.78,12086.49,11965.31,12146.47,12179.95,12044.22,11934.99,12088.56,11784.54,11522.98
덴마크,폐기물,배출원별 온실가스 배출량,,,,1959.99,1935.85,1913.14,1810.29,1733.93,1625.37,1546.63,1455.8,1358.05,1357.79,1364.28,1349.6,1304.45,1303.65,1131.34,1138.4,1181.91,1158.71,1167.7,1078.68,1015.8,1026.51,998.91,994.96,1014.75,1010.26,1038.51,1056.69,1081.46,1093.86,1144.36,1190.54,1222.16
덴마크,기타,배출원별 온실가스 배출량,,,,0,0,0,0,0,0,0,0,0,0,0,0,0,0,0,0,0,0,0,0,0,0,0,0,0,0,0,0,0,0,0,0,0
에스토니아,에너지,배출원별 온실가스 배출량,,,,36182.02,33403.71,23998.68,19210.01,19587,17581.68,18571.19,18157.93,16343,15411.55,14970.22,15356.37,15020.35,16869.69,16829.87,16629.1,15956.52,19272.89,17124.38,14202.67,18726.4,18593.34,17170.87,18954.49,18394.3,15587.36,17266.02,18308.66,17505.73,11997.14,9192.36,10389.13,11769.5
에스토니아,산업 공정 및 제품 사용,배출원별 온실가스 배출량,,,,963.14,965.5,572.44,351.36,597.58,632.76,648.43,699.12,751.68,686.37,690.74,724.95,547.54,595.17,737.08,723.69,763.49,954.37,965.23,474.43,535.31,659.2,904.1,999.95,708.94,512.67,496.38,637.18,624.01,615.65,288.08,294.47,274.99
에스토니아,농업,배출원별 온실가스 배출량,,,,2723.45,2609.9,2208.85,1733.67,1584.36,1405.35,1298.55,1308.94,1326.83,1152.21,1158.44,1162.64,1101.88,1151.18,1191.99,1211.8,1206.93,1258.7,1314.98,1268.56,1297.4,1323.23,1400.31,1436.13,1481.39,1444.18,1415.52,1471.33,1472.65,1555,1549.81,1577.89,1593.02
에스토니아,폐기물,배출원별 온실가스 배출량,,,,404.97,419.38,432.21,452.84,451.25,437.33,479.84,542.91,562.25,569.95,622.4,631.11,617.26,603.7,597.31,568.29,551.08,543.3,525.55,549.31,537.15,477.87,466.68,428.82,396.76,369.56,355.22,344.06,347.89,340.32,313.14,317.5,314.03
에스토니아,기타,배출원별 온실가스 배출량,,,,0,0,0,0,0,0,0,0,0,0,0,0,0,0,0,0,0,0,0,0,0,0,0,0,0,0,0,0,0,0,0,0,0
핀란드,에너지,배출원별 온실가스 배출량,,,,53420.15,52097.28,51492.35,53429.72,58762.1,55256.52,61007.89,59425.12,56111.04,55489.46,53683.76,59127.76,61723.88,69337.27,65450.32,53720.74,64786.16,62813.82,54475.18,52603.96,60200.48,52754.92,47470.18,48081.48,44234.19,40678.38,43394.85,40970.24,41982.78,38956.46,34359.12,34192.44,32868.02
핀란드,산업 공정 및 제품 사용,배출원별 온실가스 배출량,,,,5222.92,4842.02,4566.5,4590.03,4857,4907.99,5151.72,5454.85,5488.85,5651.37,5822.95,5899.32,5932.54,6264.15,6607.05,6569.04,6808.57,7259.42,7485.37,5925.41,6107.67,6054.77,5879.35,5735.73,5493.78,5634.83,5844.95,5670.41,5669.7,5339.55,5037.65,5339.68,4979.37
핀란드,농업,배출원별 온실가스 배출량,,,,7315.25,6884.58,6379.06,6639.23,6680.97,6469.39,6597.62,6678.56,6490.48,6383.72,6355.59,6331.19,6393.48,6260.04,6217.02,6216.95,6199.61,6165.07,6269.8,6192.87,6254.52,6105.69,6090.87,6232.59,6291.22,6281.77,6354.83,6256.91,6218.73,6317.97,6275.67,6196.25,6074.92
핀란드,폐기물,배출원별 온실가스 배출량,,,,5207.61,5268.98,5283.36,5277.19,5205.7,5124.59,5006.41,4864.85,4642.83,4528.31,4250.62,4071.86,3788.16,3562.59,3388.62,3118.82,3202.38,3086.25,2950.27,2836.76,2836.97,2737.92,2674.4,2535.86,2385.31,2309.77,2159.04,2050.01,2007.46,1977.19,1914.33,1817.53,1726.61
핀란드,기타,배출원별 온실가스 배출량,,,,0,0,0,0,0,0,0,0,0,0,0,0,0,0,0,0,0,0,0,0,0,0,0,0,0,0,0,0,0,0,0,0,0
프랑스,에너지,배출원별 온실가스 배출량,,,,367268.5,393839.8,385830.6,367312.7,359133,365263.6,381923.8,372683.2,391050.9,388731.5,381022.4,387488.6,381377.7,388938.8,388424,390504.9,378949.7,367659.6,364975.1,355889.3,358248.1,335138.3,339435.4,339660.8,306849.8,313460.6,316286.3,317493.4,302334.2,296172.2,264347.7,285963.8,276344.8
프랑스,산업 공정 및 제품 사용,배출원별 온실가스 배출량,,,,75177.15,74481.15,72027.34,69461.8,69613.78,68509.49,69433.84,70761.66,66013.45,62947.85,62423.8,61328.97,62524.93,62342.55,62407.53,62438.15,63964.76,64995.49,60715.42,50614.99,53743.64,53282.44,51152.96,52889.53,52328.8,50802.88,50557.7,51774.28,49114.92,45951.67,39977.19,42322.67,38262.97
프랑스,농업,배출원별 온실가스 배출량,,,,78141,77254.43,76594.03,75413.27,74770.6,75390.46,75980.01,76106.01,76040.86,76376.09,78623.66,78342.56,76855.94,73714.76,74256.18,73834.07,73297.26,73818.29,75334.34,74309.23,72238.44,71960.43,71800.44,71006.87,72597.42,72308.12,71592.02,71621.51,70615.78,68905.58,67425.67,66042.1,63645.38
프랑스,폐기물,배출원별 온실가스 배출량,,,,17250.6,18002.95,18825.11,19624.8,20032.08,20296.99,20372.33,20402.96,20879.36,21082.34,21480.03,21711.63,21919.25,22033.43,21823.18,21672.99,21640.53,21466.74,21489.06,20822.85,20921.42,20015.99,19633.01,17954.15,17252.18,16229.53,16353.08,16434.76,16214.3,17173.98,16909.05,16463,16572.45
프랑스,기타,배출원별 온실가스 배출량,,,,0,0,0,0,0,0,0,0,0,0,0,0,0,0,0,0,0,0,0,0,0,0,0,0,0,0,0,0,0,0,0,0,0
독일,에너지,배출원별 온실가스 배출량,,,,1044279,1007346,958917.8,949663.2,926922.9,922710.8,943139.3,911248.3,901290.1,876372,872680.3,892299.9,875932.1,866666.3,845528.9,836701.6,852926.3,810586.6,823819.4,764110.5,795922.3,771803.4,785089,802072.9,760931.4,770583.2,765220.2,747673.9,723834.8,673684.5,614333.6,642442.2,638894.5
독일,산업 공정 및 제품 사용,배출원별 온실가스 배출량,,,,93277.92,89610.64,89591.25,90854.56,96379.11,94809.07,92920.06,93512.1,81046.22,73446.46,76696.71,73090.74,71515.08,74108.88,75851.67,72688.4,73025.88,76125.84,71967.46,64002.71,61782.62,63192.75,60409.07,60269.99,60544.87,59778.25,61485.48,65346.74,62437.21,59352.38,55254.65,57046.25,52061.33
독일,농업,배출원별 온실가스 배출량,,,,71581.74,64626.4,62886.08,61976.59,62146.66,62036.98,62548.69,61393.04,61872.54,62138.74,61488.26,62134.18,60067.6,59891.19,58358.62,58304.28,57290.83,57802.64,57975.63,58246.17,58017.06,58004.74,58518.14,59445.64,60350.21,60580.57,60101.46,59296.94,58293.53,57117.7,56046.47,54308.46,53348.73
독일,폐기물,배출원별 온실가스 배출량,,,,41519.91,43067.42,43662.91,43384.27,42306.82,41040.98,39251.81,35952.49,33427.56,31441.8,29567.8,27564.72,25844.14,24058.58,21485.73,19827.44,17755.36,16234.07,14836.77,13443.18,12189.83,11307.3,10481.55,9685.93,9060.6,8441.83,7902.8,7524.29,7129.78,6604.86,6120.02,5803.09,5660.41
그리스,에너지,배출원별 온실가스 배출량,,,,77133.43,77246.16,79228.42,78870.98,81109.57,81174.63,83395.36,87928.58,92652.89,92091.99,96890.77,99346.16,99208.74,103085.4,103538.5,107379.7,106056.8,108314.4,105412.6,100450.7,93261.2,92161.13,88474.05,78070.49,74616.79,71299.97,67043.04,70348.04,67389.3,61298.69,51598.4,53552.06,54453.2
그리스,산업 공정 및 제품 사용,배출원별 온실가스 배출량,,,,10933.61,10855.34,10322.43,10642.69,11130.85,12818.4,13470.93,13908.41,14550.71,15245.63,14281.96,13797.29,13972.48,13832.39,13989.37,14774.73,12522.41,12924.49,12712.42,10977.42,11433.79,10044.05,10855.79,11571.55,11937.57,11579.39,12087.39,12381.98,11991.64,11344.45,10152.72,9989.16,9597.05
그리스,농업,배출원별 온실가스 배출량,,,,10534.68,10548.85,10271.49,9791.13,9524.15,9887.56,9938.03,9865.49,9822.21,9734.57,9563.76,9536.74,9537.18,9512.85,9541.09,9337.32,9244.7,9368.95,9092.01,8881.73,9198.69,8965.32,8839.48,8754.65,8347.14,8165.96,8157.39,8189.34,8121.04,8100.53,8421.27,8356.22,7980.46
그리스,폐기물,배출원별 온실가스 배출량,,,,5383.97,5355.96,5465.31,5523.23,5693,5700.53,5811.52,5767.99,5967.92,5913.69,5922.97,5050.84,5000.78,5138.4,5145.92,5255.93,5445.89,5275.3,5301.77,5016.55,5339.87,5086.33,4838.53,4957.77,5035.75,5027.39,5109.74,5326.72,5508.91,5562.5,5683.01,6106.16,6240.42
그리스,기타,배출원별 온실가스 배출량,,,,0,0,0,0,0,0,0,0,0,0,0,0,0,0,0,0,0,0,0,0,0,0,0,0,0,0,0,0,0,0,0,,
헝가리,에너지,배출원별 온실가스 배출량,,76456.91,75048.9,69480.56,68137.92,60946.77,61470.03,59704.5,59089.09,61014.47,60207.52,59883.31,60185.69,56594.38,58367.29,57148.66,60015.28,58035.73,57514.81,56474.73,54966.39,54051.89,49346.63,49860.37,48029.87,44927.63,42406.95,41893.11,44441.71,45258.8,46910.37,46615.01,46490.74,44340.36,45641.87,43571.85
헝가리,산업 공정 및 제품 사용,배출원별 온실가스 배출량,,13790.35,13062.69,11386.58,7851.38,6221.89,7017.59,8438.97,8076.56,8371.91,7744.26,7332.79,7218.09,7985.87,7886.01,7365.51,7524.91,8187.06,8873.8,8509.39,8348.01,7251.44,6252.28,6435.29,6594.06,6291.51,5674.5,6426.67,7007.67,6545.85,7230.19,7466.07,7353.36,7369.28,7144.36,5927.06
헝가리,농업,배출원별 온실가스 배출량,,11722.67,11359.03,9968.5,8537.54,7314.96,6422.02,6238.76,5961.2,5968.14,5928.31,6096.7,6163.06,6053.28,6193.14,6212.43,6062.25,6286.06,5985.04,5928.86,5908.75,5918.72,5588.12,5519.13,5701.73,5756.77,6113.19,6337.97,6549.95,6860.04,6866.76,6913.78,6902.63,7098.67,7115.49,6213.06
헝가리,폐기물,배출원별 온실가스 배출량,,3965.21,4109.73,4226.18,4321.2,4377.55,4442.41,4488.93,4542.66,4561.75,4619.34,4671.93,4743.65,4819.41,4830.39,4924.75,4973.65,4930.06,4881.49,4816.63,4791.22,4722.38,4733.92,4693.84,4504.1,4534.95,4322.93,4207.21,4072.9,3935.79,3952.8,3919.14,3904.02,3874.9,3842.98,3823.33
헝가리,기타,배출원별 온실가스 배출량,,0,0,0,0,0,0,0,0,0,0,0,0,0,0,0,0,0,0,0,0,0,0,0,0,0,0,0,0,0,0,0,0,0,0,0
아이슬란드,에너지,배출원별 온실가스 배출량,,,,1840.54,1755.34,1899.15,2003.84,1952.75,2057.53,2113.01,2152.86,2146.5,2202.98,2185.18,2073.84,2183.75,2172.67,2271.56,2158.48,2221.71,2363,2234.89,2137,2026.7,1905.05,1855.89,1820.52,1808.91,1853.75,1829.01,1870.24,1911.17,1853.99,1664.62,1764.05,1819.34
아이슬란드,산업 공정 및 제품 사용,배출원별 온실가스 배출량,,,,902.66,790.99,585.01,551.64,520.89,553.03,530.11,649.01,785.21,938.98,991.77,990.98,978.94,966.74,974.79,950.49,1394.39,1538.48,2049.92,1867.01,1895.84,1826.23,1894.54,1943.08,1917.66,1965.98,1948.21,1994.39,2035.8,2002.51,1977.94,2012.31,2017.2
아이슬란드,농업,배출원별 온실가스 배출량,,,,694,674.59,653.03,654.07,657.45,637.46,650.02,640.88,654.08,651.38,636.27,632.94,616.36,608.69,600.26,602.86,629,645.65,662.09,652.32,638.37,636.34,631.13,615.27,659.32,648.49,648.33,649.09,626.23,608.77,607.97,611.86,595.98
아이슬란드,폐기물,배출원별 온실가스 배출량,,,,207.71,212.27,225.85,236.69,245.13,255.73,265.09,272.6,275.4,283.49,292.87,302.53,307.09,308.2,317.22,309.93,333.53,336.98,319.47,309.58,305.95,286.76,266.42,265.68,265.68,264.66,260.89,258.45,253.74,222.04,244.1,242.67,233.59
아이슬란드,기타,배출원별 온실가스 배출량,,,,0,0,0,0,0,0,0,0,0,0,0,0,0,0,0,0,0,0,0,0,0,0,0,0,0,0,0,0,0,0,0,0,
아일랜드,에너지,배출원별 온실가스 배출량,,,,31067.51,31916.51,31797.57,31973.42,32932.48,33835.44,35441.31,36540.24,38744.44,40177.97,42483.57,44590.29,43365.92,44079.19,43799.73,45702.35,45217.9,45151.9,45256.34,40789.18,40460.28,36914.36,37002.22,35853.87,35193.68,36859.49,38369.92,37060.04,36837.16,35260.05,33125.64,34961.05,34261
아일랜드,산업 공정 및 제품 사용,배출원별 온실가스 배출량,,,,3198.28,2923.46,2849.15,2847.18,3124.14,3108.12,3283.11,3717.56,3511.65,3639.46,4407.22,4484.59,4001.2,3425.68,3622.06,3900.11,3831.57,3892.18,3641.37,2815.91,2582.76,2458.74,2659.45,2608.15,3017.54,3202,3420.73,3438.51,3180.07,3136.5,2812.71,3216.6,3029.26
아일랜드,농업,배출원별 온실가스 배출량,,,,19256.45,19514.5,19680.08,20058.26,20181.33,20742.65,21260.87,21471.38,22040.78,21733.86,20840.98,20635.04,20390.13,20695.87,20322.16,20156.95,20165.18,19559.52,19334.47,19047.1,19127.77,18525.59,19417.23,20229.08,19791.9,20365.73,20918.55,21670.52,22501.73,21576.37,21929.83,22754.05,22436.76
아일랜드,폐기물,배출원별 온실가스 배출량,,,,1709.24,1799.73,1872.61,1928.64,1978.89,2019.76,1884.46,1577.08,1626.7,1630.86,1643.38,1766.97,1880.98,1935.89,1656.81,1454.39,1489.18,962.5,800.36,603.98,588.87,683.73,589.56,755.06,949.25,1020.43,1015.89,978.97,933.28,897.94,877.83,823.43,877.87
아일랜드,기타,배출원별 온실가스 배출량,,,,0,0,0,0,0,0,0,0,0,0,0,0,0,0,0,0,0,0,0,0,0,0,0,0,0,0,0,0,0,0,0,0,0
이탈리아,에너지,배출원별 온실가스 배출량,,,,426167.4,426237,425937.3,421030.2,416098.5,438670.3,435501.1,441352.8,454038.2,458558.4,460484.1,459194.6,466070,483866.1,487639.4,488344.1,482620.1,476711.7,467769.7,418468,429915.5,417076,400273,367874,347663.8,359980.9,356367.8,350968.1,346498.3,336404.4,300064.3,334007.2,335136.9
이탈리아,산업 공정 및 제품 사용,배출원별 온실가스 배출량,,,,37945.93,37505.53,37093.07,34253.8,32982.2,36298.88,33492.29,34119.66,35208.36,35998.4,38240.2,40586.48,41404.42,43457.62,46505.9,47132.13,43607.01,43661.65,41095.54,35735.18,36590.78,36346.48,33226.21,31758.76,30995.96,29093.66,28470.01,28005.55,28608.26,27329.77,24289.62,25300.24,23608.99
이탈리아,농업,배출원별 온실가스 배출량,,,,37952.78,38814.31,38284.8,38698.14,38318.04,38311.92,38341.81,38835.42,38159.71,38630.57,37430.21,37039.7,36517.2,36359.99,35652.41,35028.38,34364.92,35041.13,34153.9,33443.79,32633.74,33122.03,33552.05,32847.79,32421.8,32455.3,33563.25,32717.05,32507.12,32313.7,33533.9,32862.17,30763.81
이탈리아,폐기물,배출원별 온실가스 배출량,,,,18995.82,19741.65,20171.82,20702.16,21412.54,22008.17,22749.91,23454.73,23156.37,23147.74,24094.32,25530.19,24698.45,24549.97,23890.99,24052.46,23441.13,23030.45,22423.77,22568.01,22371.17,21711.65,21827.78,20413.42,20196.56,20334.39,20010.7,19907.81,19893.38,19659.35,20458.28,20215.44,20051.6
이탈리아,기타,배출원별 온실가스 배출량,,,,0,0,0,0,0,0,0,0,0,0,0,0,0,0,0,0,0,0,0,0,0,0,0,0,0,0,0,0,0,0,0,0,
라트비아,에너지,배출원별 온실가스 배출량,,,,19529.57,18058.43,14669.75,12568.34,10883.67,9628.98,9698.2,9118.33,8698.82,8060.04,7438.01,7869.82,7868.7,8035.6,8061.63,8175.79,8603.8,8937.34,8474.5,7765.06,8532.14,7658.93,7344.66,7266.2,7091.15,7195.32,7269.97,7260.28,7701.45,7475.05,6796.07,7036.79,6418.86
라트비아,산업 공정 및 제품 사용,배출원별 온실가스 배출량,,,,655.4,587.79,307.5,149.06,196.4,225.71,248.26,272.95,285.74,326.43,283.32,312.99,331.14,353.65,379.39,366.93,418.24,438.36,449.25,448.57,751.6,848.26,905.57,848.29,862.26,788.38,687.41,764.4,889.91,887.48,865.93,877.14,858.47
라트비아,농업,배출원별 온실가스 배출량,,,,5030.48,4646.51,3589.33,2476.85,2182.81,2030.45,1983.62,1962.86,1854.24,1656.83,1680.55,1789.52,1764.47,1803.91,1728.83,1790.84,1792.1,1874.37,1835.5,1854.51,1870.07,1883.73,1962.72,2025.7,2105.34,2151.47,2163.27,2176.66,2096.41,2198.36,2250.41,2252.96,2253.83
라트비아,폐기물,배출원별 온실가스 배출량,,,,805.03,837.76,793.15,708.91,693.3,702.5,707.03,724.03,735.31,744.57,764.59,786.49,762.4,727.94,692.69,686.51,675.28,685.14,715.66,722.11,717.26,686.49,681.27,662.83,656.54,619.23,630.2,582.52,589.59,580.08,578.99,567.1,588.61
라트비아,기타,배출원별 온실가스 배출량,,,,0,0,0,0,0,0,0,0,0,0,0,0,0,0,0,0,0,0,0,0,0,0,0,0,0,0,0,0,0,0,0,0,0
리히텐슈타인,에너지,배출원별 온실가스 배출량,,,,201.27,208.88,209.68,217.84,203.85,207.04,208.88,221.43,232.32,229.67,220.05,217.78,223.07,232.37,231.98,231.62,233.79,203.43,222.31,208.11,193.53,179.42,188.01,195.23,163.71,162.27,152.31,158.3,145.51,151.61,144.41,148.42,
리히텐슈타인,산업 공정 및 제품 사용,배출원별 온실가스 배출량,,,,0.6,0.58,0.62,0.68,0.86,1.55,1.84,2.18,2.67,3.23,4.03,4.81,5.49,6.13,6.74,7.06,7.41,8.16,8.71,8.25,8.69,9.1,9.41,9.53,9.69,9.69,9.3,9.56,9.7,9.36,8.92,8.29,
리히텐슈타인,농업,배출원별 온실가스 배출량,,,,26.04,26.03,25.31,24.15,24.28,24.14,24.35,23.97,23.52,22.51,21.86,22.98,23.35,23.51,23.51,24.16,25.25,25.63,25.84,25.74,24.88,25.66,26,24.8,25.22,25.03,25.06,24.42,24.89,25.71,25.91,25.53,
리히텐슈타인,폐기물,배출원별 온실가스 배출량,,,,1.73,1.69,1.71,1.68,1.69,1.68,1.67,1.65,1.67,1.68,1.69,1.69,1.7,1.71,1.72,1.69,1.72,1.72,1.75,1.71,1.73,1.75,1.74,1.74,1.63,1.65,1.63,1.63,1.61,1.64,1.64,1.66,
리투아니아,에너지,배출원별 온실가스 배출량,,,,33145.2,35203.77,19937.01,16065.21,15137.52,14186.78,14669.63,14217.6,14914.69,12473.67,10945.05,11624.24,11688.37,11701.88,12320.57,13172.84,13222.59,13447.77,13326.17,12146.96,13131.66,12273.11,12312.4,11692.49,11314.69,11286.41,11606.16,11545.8,11900.9,11914.66,11833.07,12255.17,11742.46
리투아니아,산업 공정 및 제품 사용,배출원별 온실가스 배출량,,,,4299.87,4324.29,2526.28,1600.49,1816.67,2096.74,2459.35,2413.28,2789.16,2717.85,2849.05,3078.45,3235.21,3309.75,3476.61,3504.14,3803.75,5442.98,4865.83,2005.8,2007.27,3265.92,3183.8,2735.37,2872.28,3179.16,3037.76,3276.86,2844.82,3072.33,2878.38,2745.36,2281.69
리투아니아,농업,배출원별 온실가스 배출량,,,,8922.71,8770.35,6830.81,5477.64,4825.48,4459.38,4586.98,4613.91,4451.15,4169.59,3961,3791.45,3929.46,4015.77,4063.09,4074.04,4086.81,4184.08,4106.74,4165.31,4124.34,4155.88,4210.46,4180.37,4377.65,4448.18,4352.74,4307.76,4185.81,4198.86,4400.89,4314.53,4058.76
리투아니아,폐기물,배출원별 온실가스 배출량,,,,1652.27,1680.73,1653.05,1681.79,1655.56,1658.59,1655.7,1674.06,1654.78,1640.71,1639.13,1672.52,1670.59,1662.51,1628.53,1584.36,1545.36,1515.6,1424.04,1395.6,1369.49,1300.35,1264.77,1236.83,1174.97,1115.75,1096.48,1086.85,965.8,924.14,897.48,858.98,820.82
리투아니아,기타,배출원별 온실가스 배출량,,,,0,0,0,0,0,0,0,0,0,0,0,0,0,0,0,0,0,0,0,0,0,0,0,0,0,0,0,0,0,0,0,0,0
룩셈부르크,에너지,배출원별 온실가스 배출량,,,,10291.98,10987.7,10829.69,10998.17,10280.73,8249.42,8358.17,7829.76,7094.35,7524.01,8085.96,8648.06,9420.62,9945.67,11266.16,11548.86,11332.34,10734.44,10653.08,10177.43,10733.38,10622.25,10429.55,9911.32,9387.71,8922.4,8644.12,8811.91,9117.3,9293.4,7616.59,8039.85,6906.87
룩셈부르크,산업 공정 및 제품 사용,배출원별 온실가스 배출량,,,,1609.76,1532.26,1465.28,1454.06,1357.04,998.71,944.66,836.11,679.76,718.26,747.37,700.38,718.98,668.31,723.3,694.51,749.39,745.56,694.8,625.97,651.03,660.72,629.16,611.78,622.02,613.36,637.45,646,643.02,658.13,632,559.29,535.3
룩셈부르크,농업,배출원별 온실가스 배출량,,,,708.68,710.68,699.92,705.13,683.6,702.84,707.24,700.78,696.21,696.09,688.8,678,662.27,638.77,639.47,638.91,629.01,641.35,660.99,659.04,663.17,648.55,639.19,652.24,665.07,675.2,697.23,701.75,704.24,686.13,698.34,694.73,665.57
룩셈부르크,폐기물,배출원별 온실가스 배출량,,,,116.29,118.73,119.59,121.01,112.09,111.51,113.82,116.58,118.57,118,115.99,116.44,117.19,122.45,116.81,118.22,119.06,120.97,122.61,122.4,110.49,106.3,105.47,105.82,107.36,102.12,100.83,100.86,98.12,93.41,90.16,89.42,84.59
룩셈부르크,기타,배출원별 온실가스 배출량,,,,0,0,0,0,0,0,0,0,0,0,0,0,0,0,0,0,0,0,0,0,0,0,0,0,0,0,0,0,0,0,0,0,0
몰타,에너지,배출원별 온실가스 배출량,,,,2434.94,2278.69,2301.39,2895.75,2667.52,2460.35,2542.68,2565.02,2534.04,2582.89,2477.85,2746.41,2757.09,2971.5,2859.35,2659.91,2664.44,2738.26,2730.53,2568.65,2628.25,2615.9,2755.77,2429.13,2416.81,1698.35,1375.65,1539.39,1549.99,1652.68,1603.37,1613.87,1777.35
몰타,산업 공정 및 제품 사용,배출원별 온실가스 배출량,,,,7.5,7.73,8.78,8.82,9.11,9.07,8.86,9.08,8.5,7.9,12.64,16.43,19.96,21.62,27.93,41.62,76.42,88.69,102.95,117.96,129.03,154.27,181.87,200.93,209.01,215.14,227.6,231.76,217.94,207.24,213.58,215.83,213.13
몰타,농업,배출원별 온실가스 배출량,,,,108.51,111.24,113.79,113.69,110.88,107.38,110.81,112.63,107.38,110.81,105.01,101.47,100.6,97.12,100.73,91.17,89.8,91.24,88.68,85.93,84.77,82.27,83.97,84.24,84.27,84.43,85.34,84.56,83.31,83.54,86.3,84.82,86.09
몰타,폐기물,배출원별 온실가스 배출량,,,,75.22,82.13,88.87,97.27,106.35,113.97,119.16,126.47,137.44,143.2,153.99,161.45,168.91,178.52,187.8,196.73,205.04,208.91,118.26,135.46,123.28,118.76,120.99,120.2,135.32,150.61,162.68,160.72,168.56,184.48,182.57,184.21,186.09
모나코,에너지,배출원별 온실가스 배출량,,,,101.6,102.43,108.02,106.94,107.58,104.17,107.75,106.35,105.08,105.78,103.32,102.98,102.59,99.72,94.42,92.25,86.22,85.22,84.67,81.59,79.02,77.12,80.21,81.11,76.21,78.74,77.25,75.48,77.42,73.88,63.12,67.24,
모나코,산업 공정 및 제품 사용,배출원별 온실가스 배출량,,,,0.15,0.19,0.24,0.47,0.54,0.59,0.75,0.9,1.22,1.46,1.87,2.8,3.56,3.45,3.21,4.12,5.52,6.44,7.61,7.8,7.72,8.3,7.9,8.96,7.84,8.33,8.07,6.73,8.09,8.23,6.08,6,
모나코,폐기물,배출원별 온실가스 배출량,,,,0.71,0.7,0.7,0.69,0.68,0.68,0.73,0.6,0.65,0.91,1.1,0.95,0.96,0.92,1.22,1.37,1.57,1.46,1.52,0.76,1.01,0.88,1.03,1.06,1.14,1.14,1.1,1.13,1.15,0.9,0.56,0.4,
네덜란드,에너지,배출원별 온실가스 배출량,,,,154129.9,160393.5,158380,162994.2,163159.9,166967.1,176104.7,167996,168486.5,162710.1,163821.3,169041.3,167683.3,170482.6,172018.6,168450.4,162776.7,162250.5,165669.9,161067.7,171920.6,159106.6,155743.5,155260.2,147235,154527.2,154359.3,151456.5,146819.7,142477.6,126205.7,129791.3,118161
네덜란드,산업 공정 및 제품 사용,배출원별 온실가스 배출량,,,,26119.65,27260.89,29989.42,26495.78,28548.26,25600.9,27605.69,28577.96,29499.29,24360.43,23424.23,20508.24,21288.52,20234.02,20819.53,20384.95,21311.85,20983.86,17667.99,16837.01,18308.47,17534.19,17068.86,16778.21,16661.9,16006.74,16677.68,17106.69,17241.07,16119.14,16148.28,15624.47,13784.65
네덜란드,농업,배출원별 온실가스 배출량,,,,25236.97,25574.91,25594.89,25209.02,24281.9,24275.43,23903.87,23044.66,22370.53,21888.24,20728.42,20363.86,19125.82,18736.8,18522.22,18368.94,18507.33,18338.8,18414.1,18338.86,18330.26,18017.28,17808.44,18295.79,18483.56,19124.63,19374.44,19379.65,18787.07,18522.88,18427.11,18025.38,18039.53
네덜란드,폐기물,배출원별 온실가스 배출량,,,,16300.11,16440.8,16144.3,15746.01,15170.11,14401.09,13953.82,13535.24,13005.23,11966.18,11295.61,10680.65,10143.38,9504.11,9135.3,7446.06,6915.81,6472.98,6067.43,5806.24,5424.51,5122.91,4857.17,4606.25,4340.42,4102.43,3930.36,3697.38,3588.25,3451.22,3256.27,3128.45,2941.4
네덜란드,기타,배출원별 온실가스 배출량,,,,0,0,0,0,0,0,0,0,0,0,0,0,0,0,0,0,0,0,0,0,0,0,0,0,0,0,0,0,0,0,0,0,0
노르웨이,에너지,배출원별 온실가스 배출량,,,,28331.51,27239.39,28287.28,29382.73,30975.36,31408.15,34452.6,34198.04,34163.31,35134.75,34213.75,35935.35,35747.96,36995.67,36770.22,36323.48,37182.69,38929.56,37641.56,37620.58,39160.7,38028.58,37598.87,37694.94,37948.81,38413.91,37650.27,37069.38,37167.55,35559.79,33848.95,33641.68,33357.89
노르웨이,산업 공정 및 제품 사용,배출원별 온실가스 배출량,,,,14814.68,13684.17,11053.83,11837.59,12166.04,12026,11921.04,12232.34,12538.5,12594.91,12886.65,12492.58,11635.68,11060.23,11782.83,11326.7,10587.09,10555.28,10508.79,8138.02,8887.1,9016.63,8937.11,9047.44,9083.74,9169.27,9081.85,9065.8,9087.26,9109.94,9149.22,9279.19,9323.53
노르웨이,농업,배출원별 온실가스 배출량,,,,4979.31,4917.28,4890.14,4870.72,4872.23,4919.2,4959.12,4910.08,4895.72,4890.93,4740.76,4677.36,4660.97,4742.14,4704.2,4723.12,4633.84,4637.24,4614.4,4576.41,4486.88,4493.07,4502.86,4546.64,4647.02,4704.86,4747.73,4723.18,4736.43,4683.35,4698.37,4750.04,4642.65
노르웨이,폐기물,배출원별 온실가스 배출량,,,,2671.28,2560.02,2539.13,2547.98,2531.41,2550.93,2454.14,2410.51,2224.99,2163.16,2276.06,2213,2105.04,2100.08,2104.85,2001.98,2025.57,2011.96,1935.48,1898.3,2021.18,2051.62,1981.72,1960.58,1940.87,1853.03,1795.78,1719.52,1679.62,1566.88,1555.44,1454.06,1430.87
폴란드,에너지,배출원별 온실가스 배출량,,479481.5,458968.4,385148.8,383017.8,375130.8,376602.8,369485.5,370544,386558.2,375171.3,346617.9,338005.9,324407.2,325714.7,318444.6,329729.8,333986.3,334328.1,346983.6,343741.2,338737.6,327238.8,344424.4,340816.5,334727.6,331300.5,317570.1,321697,332418.9,345155.6,344376.4,323530,307997.8,336079.2,319329.8
폴란드,산업 공정 및 제품 사용,배출원별 온실가스 배출량,,29865.86,28937.48,21971.96,19265.17,18546.07,18531.93,20756.03,22146.46,21305.53,22207.52,20613.3,19633.11,22224.44,20799.45,19460.17,22281.43,23939.2,23732.01,26007.17,28402.24,27121.82,21736.51,22882.28,25638.89,24635.59,23627.67,25107.47,24356.91,24557.56,25068.7,25563.33,25081.12,24526.59,24588.76,23645.03
폴란드,농업,배출원별 온실가스 배출량,,50057.01,52757.74,49291.32,42514.49,38641.15,37212.7,36922.28,36724.74,35755.91,36562.4,36457.17,34988.9,33205.83,32615.24,31664.58,31190.79,31251.4,31659.35,32148.65,32843.72,32939.44,32256.79,31659.59,31939.47,31767.33,32449.91,32392.81,31775.06,32153.07,33492.9,33855.79,32786.13,34225.49,34177.53,33296.98
폴란드,폐기물,배출원별 온실가스 배출량,,19505.12,19420.11,19054.57,18581.02,18313.49,17872.68,17399.64,16942.15,16481.05,15994.44,15558.03,15038.23,14499.74,13937.03,13413.87,12936.05,12363.31,11673.39,10899.09,10121.05,9002.11,8307.5,7710.42,6867.36,6371.23,5872.22,5483.85,5104.07,4681.41,4687.09,4724.1,4538.17,4160.83,4052.38,3818.39
폴란드,기타,배출원별 온실가스 배출량,,0,0,0,0,0,0,0,0,0,0,0,0,0,0,0,0,0,0,0,0,0,0,0,0,0,0,0,0,0,0,0,0,0,0,0
포르투갈,에너지,배출원별 온실가스 배출량,,,,40682.76,42612.69,46767.17,45298.76,45995.91,49562.5,46796.42,49365.87,53920.14,61259.46,59869.65,60175.3,64341.65,59241.63,61527.72,63916.07,59528.13,56435.51,54459.01,53311.92,48762.18,48165.85,46680.8,44536.34,43962.59,48354.78,47116.83,51792.38,48400.11,44428.44,38563.29,37309.88,37792.81
포르투갈,산업 공정 및 제품 사용,배출원별 온실가스 배출량,,,,6365.54,6200.96,5855.76,5745.93,5760.09,6636.87,6750.66,7152.18,7292.52,7730.22,8014.4,7287.76,7486.12,7558.04,8223.8,8210.65,7857.68,8631.64,8352.53,6561.64,6939.48,6217.12,5854.04,6267.09,6689.73,6668.6,6023.22,6374.59,5959.68,6254.5,6112.52,5931.44,5877.65
포르투갈,농업,배출원별 온실가스 배출량,,,,7338.26,7367.8,7252.33,7194.36,7221.34,7276.43,7465.78,7493.23,7453.19,7583.38,7697.38,7450.03,7327.39,7048.03,7250.3,6927.35,6878.15,6995.42,6943.38,6881.48,6813.67,6770.47,6793.83,6755.62,6889.43,6910.64,6953.5,7068.15,7150.37,7248.19,7271.29,7244.35,6941.3
포르투갈,폐기물,배출원별 온실가스 배출량,,,,4470.62,4615.89,4715.43,4787.42,4963.35,5177.2,5418.77,5662.56,5923.24,6202.32,6520.42,6703.37,6824.53,6981.73,7001.25,6805.62,6731.29,6631.19,6482.47,6424.2,6260.22,6224.78,6009.14,5874.63,5782.29,5577.52,5579.71,5594.41,5671.22,5701.89,5553.87,5631.6,5642.76
루마니아,에너지,배출원별 온실가스 배출량,,,220532.5,184991.2,153145.6,144330.1,133911.4,132111,135540.5,139794.2,136172.3,120994.1,106681.2,98332.3,102235.2,102831,107174.2,103345.5,101531.1,103485.9,106243.6,106470,91805.94,86510.84,93729.44,91977.13,81480.67,80829.4,79260.54,77278.67,79920.8,79887.01,76915.42,73460.68,76913.67,75098.92
루마니아,산업 공정 및 제품 사용,배출원별 온실가스 배출량,,,44946.65,31895.39,22836.65,19700.91,19640.99,19789.93,22921.08,22155.57,20520.79,19421.99,16873.51,18083.45,17774.01,18674.3,19440.24,21567.96,21542.78,21098.28,21297.07,18190.75,12106.43,13845.19,14444.51,13121.85,11411.74,12140.63,12183.45,12271.79,12402.01,12694.56,12629.4,12745.97,12843.27,10077.72
루마니아,농업,배출원별 온실가스 배출량,,,38316.16,34124.54,28659.48,25160.73,25016.47,24096.92,24235.63,23684.25,22280.84,21677.66,20617.36,19620.98,19632.48,20080.32,20534.77,20413.74,20798.99,21027.47,20821.75,20433.66,19838.44,17799.14,18020.15,17797.16,18365.52,18519.28,18765.36,18648.2,18792.71,19361.72,19088.86,18630.39,18985.32,17987.73
루마니아,폐기물,배출원별 온실가스 배출량,,,5730.05,5635.91,5520.61,5439.97,5469.87,5503.39,5741.04,5803.49,5887.22,5840.66,5911.34,6036.91,6141.54,6208.97,6488.8,6609.42,6665.71,6425.33,6568.78,6497.9,6472.91,6536.9,5988.16,6220.87,6504.35,6481.42,6474.38,6499.45,6546.42,6501.07,6555.02,6537.66,6531.04,6550.57
루마니아,기타,배출원별 온실가스 배출량,,0,0,0,0,0,0,0,0,0,0,0,0,0,0,0,0,0,0,0,0,0,0,0,0,0,0,0,0,0,0,0,0,0,0,0
러시아,에너지,배출원별 온실가스 배출량,,,,2577132.87,2452144.23,2013014.97,1924149.08,1709301.41,1669245.12,1646207.16,1539503.4,1528851.52,1544081.89,1521020.6,1557951.62,1541230.33,1570630.99,1570996.23,1590196.28,1642026.82,1636341.21,1668420.86,1560433.71,1639330.25,1687264.78,1694531.45,1625241.2,1617055.4,1611299.3,1606095.31,1636983.53,1688677.37,1682326.41,1594101.61,1679103.65,
러시아,산업 공정 및 제품 사용,배출원별 온실가스 배출량,,,,286507.76,263103.88,234803.05,201445.51,176228.11,184756.91,168390.6,168958.93,161129.68,182164.68,198604.93,196604.37,193282.47,196573.56,210503.21,212432.76,220584.78,221952.9,213586.75,187396.93,204389.9,207761.59,223948.11,229158.83,229994.2,228047.79,228167.02,242965.69,252270,246342.45,254393.52,259516.02,
러시아,농업,배출원별 온실가스 배출량,,,,250734.98,237957.47,225513.48,208701.71,186423.78,165439.98,153609.31,141352.87,127449.64,120539.93,120764.27,118229.66,117030.51,114733.86,111625.08,106750.44,104694.36,106946.09,110781.2,108827.03,105420.26,108071.43,107099.41,109566.79,109447.17,110545.43,114254.25,115168.65,114800.55,116449.89,118805.28,121284.74,
러시아,폐기물,배출원별 온실가스 배출량,,,,52203.44,52113.81,51286.55,51315.71,50859.1,51269.49,51252.74,51989,52587.46,53717.22,54611.59,55834.3,56958.56,58179.39,59492.64,61223.21,62857.13,64882.07,66701.48,68380.51,70253.02,72960.4,75367.55,77838.38,81146.55,83442.44,85451.79,87526.46,89493.46,91399.2,94061.48,96694.93,
슬로바키아,에너지,배출원별 온실가스 배출량,,,,56777.17,50341.91,46118.17,42159.32,39624.96,39225.04,38817.72,38640.78,38129.26,37375.92,36476.86,38381.71,36092.42,36919.28,36426.18,36885.68,36221.8,34615.96,35101.68,32543.44,32698.14,32164.35,29894.87,29724.25,27366.48,28021,28195.91,29126.57,28913.56,27444.27,25191.92,27980.16,25612.13
슬로바키아,산업 공정 및 제품 사용,배출원별 온실가스 배출량,,,,9427.67,7225.07,6844.38,7886.83,8171.05,9028.62,9405.44,9445.58,9555.64,9171.96,8191.62,8381.92,9315.95,8872.47,10099.17,9585.07,10412.72,10245.83,10129.73,8631.05,8998.01,8626.83,8550.7,8270.36,8503.44,8690.73,8888.98,9174.2,9201.27,8350.38,7796.55,9206.03,7536.24
슬로바키아,농업,배출원별 온실가스 배출량,,,,5767.68,5136.35,4314.83,3642.92,3454.55,3509.47,3391.31,3298.46,2940.34,2806.38,2731.71,2838.82,2831.67,2663.01,2509.94,2534.66,2310.68,2347.66,2418.74,2213.73,2400.52,2172.79,2132.91,2245.49,2354.71,2129.02,2259.27,2131.34,2104.17,2140.13,2168.07,2033.07,1934.43
슬로바키아,폐기물,배출원별 온실가스 배출량,,,,1395.03,1409.95,1405.2,1409.06,1331.85,1334.86,1337.89,1362.25,1389.03,1407.5,1438.45,1466.05,1554.38,1573.8,1612.63,1610.14,1690.02,1621.74,1656.61,1698.94,1742.89,1790.84,1817.56,1833.33,1829.31,1945.41,1882.02,1922.3,1946.82,1930.55,1974.48,1943.21,1929.92
슬로바키아,기타,배출원별 온실가스 배출량,,,,0,0,0,0,0,0,0,0,0,0,0,0,0,0,0,0,0,0,0,0,0,0,0,0,0,0,0,0,0,0,0,0,0
슬로베니아,에너지,배출원별 온실가스 배출량,,15140.65,14984.21,14705.11,13791.7,13704.82,14248.21,14459.46,15230.12,15883.28,16391.87,15935.33,15256.06,14873.74,16097.09,16314.9,15996.07,16394.83,16603.91,16786.97,16963.63,17966.43,16180.32,16454.11,16374.88,15749.11,15017.75,13310.03,13462.26,14314.54,14383.6,14218.56,13713.92,12562.64,12753.56,12389.63
슬로베니아,산업 공정 및 제품 사용,배출원별 온실가스 배출량,,1465.45,1410.68,1367.95,1057.09,1047.39,874.71,1051.26,1056.45,1057.94,1098.31,1075.41,1099.49,1141.33,1197.13,1204.08,1271.64,1322.06,1394.87,1439.1,1449.05,1322.54,985.91,986.72,998.86,1023.95,1091.1,1128.3,1108.8,1114.74,1173.26,1196.25,1206.19,1153.65,1127.45,1138.91
슬로베니아,농업,배출원별 온실가스 배출량,,2010.05,1973.01,1960.07,1834.79,1954.78,1846.4,1859.43,1856.49,1783.43,1732.61,1770.96,1784.16,1871.16,1845.23,1900.85,1808.51,1761.62,1769.14,1767.72,1825.11,1748.47,1758.23,1726.44,1708.43,1692.62,1678.92,1721.45,1763.61,1782.43,1749.12,1748.93,1768.63,1773.36,1773.73,1706.32
슬로베니아,폐기물,배출원별 온실가스 배출량,,742.38,763.6,769.28,763.2,727.78,706.39,710.61,714.12,720.98,763.58,793.34,816.35,850.22,865.97,857.75,871.63,866.28,827.9,775.63,716.72,642.09,586.2,574.1,585.74,572.84,551.38,518.88,531.73,539.91,521.8,482.24,463.22,440.11,418.85,380.22
슬로베니아,기타,배출원별 온실가스 배출량,,0,0,0,0,0,0,0,0,0,0,0,0,0,0,0,0,0,0,0,0,0,0,0,0,0,0,0,0,0,0,0,0,0,0,0
스페인,에너지,배출원별 온실가스 배출량,,,,212863,223359.3,233697.3,225352.3,235643.1,249597.8,237181.1,248567.8,255507.8,278141.4,289360.8,290635.4,310037.3,313826.8,329957.9,344340.1,334903.9,342848.6,315140.2,280383.6,265612.8,268254,264222.6,238980,238678.5,254014.1,242948.1,257727,252386.1,235748.9,198190.6,214756.6,222056.1
스페인,산업 공정 및 제품 사용,배출원별 온실가스 배출량,,,,27963.64,26637.56,25314.46,24347.82,28316.81,29873.35,30788.53,32964.61,34757.02,37487.51,39374.56,36955.25,36592.53,39251.66,40355.76,43063.93,45974.04,47504.01,44513.71,37905.22,38992.4,36246.43,34622.74,33467.07,35305.6,29980.44,29539.4,27309.95,26887.04,25208.49,22835.34,24059.76,22549.7
스페인,농업,배출원별 온실가스 배출량,,,,32923.92,31558.2,31666.07,30773.45,32288.53,32698.85,35307.59,35246.4,36154.42,36826.36,38624.66,38187.11,37534.46,38238.35,37097.7,34920.06,35059.44,35758.58,32830.93,33373.99,33148.91,32457.22,31409.42,31146.63,32404.74,33046.08,33127.02,33892.15,33810.57,33907.49,34990.4,34682.97,34863.24
스페인,폐기물,배출원별 온실가스 배출량,,,,13535.25,13585.9,13850.07,13964.64,14308.85,14496.16,14934.75,15485.94,15356.65,15528.01,15780.91,15994.56,16096.16,15928.92,15277.32,15424.59,16015.6,16539.48,16477.97,17946.09,16742.81,17345.38,16925.13,16510,15174.29,16148.9,15663.82,15415.54,15461.32,14717.8,14652.28,15010.08,14732.36
스웨덴,에너지,배출원별 온실가스 배출량,,,,52272.13,52862.29,53057.23,52936.71,54951.76,54147.65,58248.14,53301.76,53678.82,50933.57,49362.06,50160.03,50822.02,51775.97,50550.08,48065.66,47986.25,47089.61,45195.73,43302.07,47341.96,43585.08,41259.93,39658.82,38087.03,38068.21,37546.03,36813.22,36657.23,34749.24,31978.32,33238.58,30868.21
스웨덴,산업 공정 및 제품 사용,배출원별 온실가스 배출량,,,,7438.3,7208.02,6704.25,6854.24,7322.98,7704.77,7468.04,7521.1,7703.61,7670.43,8117.53,8212.42,8449.82,8095.96,8653.18,8570.98,8534,8483.31,8176.84,6174.69,8162.34,7695.48,7357.07,7383.99,7274.9,7227.17,7771.8,7526.08,7210.3,7839.16,6377.23,7033.71,6923.64
스웨덴,농업,배출원별 온실가스 배출량,,,,7406.32,7087.13,7037.01,7356.31,7493.18,7305.43,7375.16,7411.74,7301.14,7090.55,7069.2,7011.57,6917.2,6800.56,6827.18,6682.64,6551.58,6563.96,6655.18,6430.51,6519.92,6497.53,6405.03,6471.04,6546.38,6556.09,6522.46,6638.16,6452.2,6474.05,6567.91,6451.59,6513.09
스웨덴,폐기물,배출원별 온실가스 배출량,,,,4146.46,4218.86,4231.68,4097.41,3950.27,3943.26,3914.04,3876.28,3817.57,3670.75,3564.08,3506.97,3310.41,3162.3,3143.21,2985.7,2876.76,2675.61,2378.34,2266.94,2132.71,2022.31,1877.47,1760.02,1610.8,1488.08,1403.01,1340.78,1243.23,1138.75,1076.16,999.19,944.33
스웨덴,기타,배출원별 온실가스 배출량,,,,0,0,0,0,0,0,0,0,0,0,0,0,0,0,0,0,0,0,0,0,0,0,0,0,0,0,0,0,0,0,0,0,0
스위스,에너지,배출원별 온실가스 배출량,,,,41635.81,44004.34,44038.57,41855.64,40729.66,41632.98,42510.2,41602.96,43189.7,42997.22,42006.68,43437.03,41846.83,43049.97,43389.43,43839.36,43460.86,41421.65,42816.87,41711.45,43088.11,39026.24,40419.41,41356.59,37306.37,36976.01,37372.35,36390.5,35093.45,34973.02,32541.19,34026.87,31101.14
스위스,산업 공정 및 제품 사용,배출원별 온실가스 배출량,,,,3912.84,3564.34,3374.61,3135.36,3314.35,3317.54,3225.04,3193.88,3243.55,3343.55,3654.13,3730.58,3854.27,3853.92,4136.57,4276.92,4320.67,4403.85,4358.96,4134.18,4373.16,4378.62,4354.42,4358.55,4365.75,4322.93,4282.38,4384.91,4272.7,4268.18,4093.57,3939.4,3427.97
스위스,농업,배출원별 온실가스 배출량,,,,6852.03,6824.33,6731.92,6636.22,6616.14,6614.77,6518.38,6296.02,6252.37,6191.89,6163.54,6198.67,6125.09,6035.76,6019.49,6099.87,6140.96,6204.75,6297.52,6195.41,6204.8,6178.75,6181.38,6099.83,6231.25,6134.74,6122.28,6073.98,6014.33,5913.01,5882.86,5925.1,5887.6
스위스,폐기물,배출원별 온실가스 배출량,,,,2250.68,2129.5,2111.72,2036.62,1946.41,1930.79,1901.48,1862.03,1820.19,1785.52,1764.05,1762.72,1759.08,1716.6,1720,1684.92,1655.48,1612.33,1569.11,1523.05,1483.72,1446.93,1409.4,1404.23,1380.25,1338.09,1299.97,1255.93,1223.99,1198.93,1170.92,1141.74,1110.32
스위스,기타,배출원별 온실가스 배출량,,,,14.18,15.7,16.16,15.5,15.55,14.97,18.05,16.57,15.09,16.38,16.48,18.05,16.55,17.75,16.27,15.32,13.89,13.73,11.73,12.7,10.63,11.85,10.5,9.71,10.63,9.79,9.69,10.74,9.81,8.53,8.29,9.18,9.1
우크라이나,에너지,배출원별 온실가스 배출량,,,,725319.33,661617.42,615799.41,547045.88,459960.22,431377.13,395407.06,377684.78,365977.07,335772.85,311340.84,324244.91,306588.54,316429.5,314596.35,315112.38,328851.73,326975.32,313305.1,275355.63,286384.3,296451.67,290288.85,282153.85,246739.48,210824.99,224764.59,217752.63,226285.47,219173.09,207988.43,209744.24,
우크라이나,산업 공정 및 제품 사용,배출원별 온실가스 배출량,,,,118198.83,101314.47,97332.95,79207.46,67168.15,58156.32,56538.09,62118.95,60072.8,62884.55,67453.09,71860.48,74656.7,78250.07,81458.46,80952.38,85274.97,92520.38,89194.54,68642.16,74714.99,81232.11,77696.23,72603.18,61965.9,56415.15,58086.58,51879.16,56478.01,57599.12,56002.11,58359.4,
우크라이나,농업,배출원별 온실가스 배출량,,,,86842.92,81069.5,75797.07,72575.16,65806.65,60607.71,51624.89,48038.92,43096.56,39376.72,37334.68,37977.3,37773.06,33536.74,34783.29,33912.93,33316.73,31103.75,35960.28,33944.1,33520.89,38351.53,37207.73,41642.84,41431.02,39378,42029.31,40995.67,44444.96,44767.64,41687.1,47017.37,
우크라이나,폐기물,배출원별 온실가스 배출량,,,,12439.38,12424.24,12345.16,12252.71,11978.17,11966.41,11851.45,11790,11766.59,11734.95,11788.63,11907.97,12016.2,12095.47,12280.33,12424.32,12592.22,12815.92,12685.55,12591.2,12725.58,12713.69,12638.99,12843.29,12611.32,12548.44,12725.67,12659.13,12606.79,12578.26,12357.3,12137.75,
영국,에너지,배출원별 온실가스 배출량,,,,602894.42,613364.16,598080.75,582509.96,566022.85,558572.11,575493.66,551267.99,556451.94,545381.48,553790.53,564593.3,548877.63,554616.5,554497.36,550289.9,546670.03,536282.17,523758.84,481240.07,498931.87,457772.17,474323.24,458969.55,419446.67,404705.76,385562.8,373340.79,366933.2,352680.36,312897.26,334967.71,
영국,산업 공정 및 제품 사용,배출원별 온실가스 배출량,,,,80028.76,78063.32,73375.7,70000.04,73148.89,73557.95,76077.18,76799.02,71616.28,57085.66,53403.71,50003.71,46307.41,49658.14,50880.04,49694.71,50218.06,52274.78,49668.98,39994.14,41001.15,39065.03,40595.67,45168.93,45119.81,43091.28,37939.8,38009.86,36085.11,35713.02,34069.6,32326.75,
영국,농업,배출원별 온실가스 배출량,,,,50828.98,50501.54,50017.89,49403.68,50103.38,49885.64,50882.46,50729.47,50493.15,50309.66,48571.47,46240.6,45710.45,46090.78,46460.05,46420.54,45407.5,44987.56,43854.71,43554.1,43847.03,43748.24,43431.22,43168.03,44513.53,44432.03,43977.91,44289.27,43574.18,43847.6,42518.67,43090.47,
영국,폐기물,배출원별 온실가스 배출량,,,,72549.67,73241,73425.19,74019.12,74449,75628.51,75931.42,75429.45,74245.48,71024.8,68153.86,66225.93,64984.14,60947.87,56093.52,53190.24,49899.89,46486.84,41444.78,37112,31944.54,29648.08,27978.35,24734.16,22350.16,21651.12,20828.8,21234.29,21277.46,20992.67,19479.55,19104.54,
남아프리카공화국,에너지,배출원별 온실가스 배출량,,,,260889.51,,,,297566.35,,,,,,363525.9609,366163.4153,376061.8649,396857.447,410962.5239,403648.6505,399123.9659,426249.235,424743.5159,453175.6721,418710.6679,412866.1726,423793.5518,424178.4256,401349.3184,402149.6227,401412.7219,393739.1035,405015.8204,399188.1653,371409.3301,,
남아프리카공화국,산업 공정 및 제품 사용,배출원별 온실가스 배출량,,,,30791.8,,,,30386.22,,,,,,30258.59926,30560.13799,32660.99965,32561.08793,32391.08622,33952.51232,34681.26827,33813.55338,33241.72073,31924.47971,33322.54396,34421.70132,33729.49098,34681.08158,35367.82991,37263.59118,35862.78523,27738.4749,24390.84692,20991.47369,19020.96114,,
남아프리카공화국,농업,배출원별 온실가스 배출량,,,,40473.85,,,,35455.52,,,,,,681.37045,815.10056,1022.27482,945.20838,1021.44053,622.46602,839.04641,1009.42398,1139.11435,1081.93466,1160.69984,1299.52413,1422.15305,1288.33896,1442.47554,1271.83183,1630.81744,1901.6999,1514.50959,1519.78527,1526.92025,,
남아프리카공화국,폐기물,배출원별 온실가스 배출량,,,,15194.2,,,,16429.07,,,,,,18.60826,18.99312,19.62308,19.81532,20.03027,20.25914,20.49888,20.75859,21.03787,21.33829,21.65851,21.99341,22.33619,22.68376,23.03956,23.39897,23.76359,26.4905,26.85261,27.21435,35.38916,,
오스트레일리아,에너지,배출원별 온실가스 배출량,,,,297385.4129,299090.6809,305421.4001,308632.8144,309510.6776,322039.791,328501.6693,339796.0082,354023.8282,359428.1833,368518.1315,376334.4812,379727.5617,384332.8921,397139.5454,403717.8236,409561.8481,417857.8377,423251.8493,427435.9861,422372.5211,419069.4327,424517.2158,419160.2277,410522.3918,422486.8254,431285.7977,433662.2967,436164.9067,434682.803,418774.771,404330.7497,396712.1711
오스트레일리아,산업 공정 및 제품 사용,배출원별 온실가스 배출량,,,,25113.21293,24310.42584,24888.97309,24635.14924,24886.77681,24654.42348,24342.83301,24415.69272,25468.69741,25914.8486,25766.61225,26598.98159,27059.84769,29531.12033,30831.06537,30130.27236,30615.93328,32659.40682,32673.88217,30504.54433,33449.70386,34258.21258,31895.42447,29685.27028,29612.41383,30477.79536,30562.40635,31166.60048,31824.05346,32537.30632,31891.76024,32881.70791,32967.09784
오스트레일리아,농업,배출원별 온실가스 배출량,,,,91159.22608,90438.27601,87600.02296,85143.77978,85022.93588,81490.83977,83369.50807,84381.88164,84374.2127,84302.34098,87598.98074,86606.47302,86316.44984,81077.14709,84138.96762,84915.00493,83060.27863,79546.30325,76541.99176,76498.01782,74014.20231,78632.26899,79935.09007,80399.35955,80733.73938,77667.89844,76674.18003,80151.87992,79229.88992,73746.83894,71574.86085,76617.12842,77450.85044
오스트레일리아,폐기물,배출원별 온실가스 배출량,,,,23462.24237,23382.51401,23116.22989,22934.57717,22162.11443,22090.90629,20222.43878,19912.00892,19087.09538,19211.39095,18568.996,18871.5419,18924.53758,16308.24058,15867.7686,15714.01084,15459.97031,15851.44771,16369.06285,16190.61888,16038.85888,15579.10194,14247.8524,13273.95637,13223.49826,12707.17904,13066.42294,13319.54853,12811.98361,13242.06347,13534.56389,13446.54772,13864.93829
뉴질랜드,에너지,배출원별 온실가스 배출량,,,,23998.3097,24458.2269,26297.46849,25823.09281,26139.61571,25898.6465,27502.25972,29513.994,27928.76918,29267.01005,29973.78455,31985.0934,31918.97804,33363.85657,33015.8551,34629.21331,35055.12797,33600.80158,34713.33086,32072.88241,32268.69286,31579.10565,32915.05157,32020.69759,32075.28579,32311.1462,30901.9677,32323.78954,32413.25188,33378.642,30925.11708,31231.73311,28716.10829
뉴질랜드,산업 공정 및 제품 사용,배출원별 온실가스 배출량,,,,3478.22756,3632.80898,3322.77011,3188.67985,3066.19689,3166.17831,3331.17393,3253.57007,3244.58972,3430.80063,3467.51306,3572.02591,3647.88075,3839.15425,3896.32956,4007.7421,4109.97083,4330.36604,4213.79055,4177.30835,4496.65918,4504.61163,4541.66463,4661.09527,4849.16716,4943.44732,4681.30105,4715.8938,4641.73168,4690.15889,4479.95117,4708.39533,4469.15601
뉴질랜드,농업,배출원별 온실가스 배출량,,,,37121.5301,37346.78204,36948.73372,37294.86015,38607.7705,39235.02131,39907.26277,40542.00572,39945.73482,39933.2298,41181.52005,41951.27512,41844.58351,42612.3833,42913.99449,43125.87922,42930.88165,41739.42993,40845.13724,40814.27864,41045.47689,41520.8626,42602.94424,42616.68511,43281.95258,42781.20075,42246.60999,42249.44054,42670.2763,42858.80592,42869.25743,42320.55275,41712.69477
뉴질랜드,폐기물,배출원별 온실가스 배출량,,,,4356.74209,4477.29859,4590.61682,4707.94038,4581.49352,4685.16582,4782.57733,4850.59706,4845.26668,4873.43029,4904.84266,4929.57713,4946.69897,4841.17521,4860.61795,4847.83577,4626.19393,4585.64845,4491.39055,4344.70946,4281.97855,4114.49491,4001.55136,3945.89764,3897.35877,3855.2539,3822.70291,3780.27323,3705.55517,3654.17847,3603.1931,3544.30705,3492.71847
뉴질랜드,기타,배출원별 온실가스 배출량,,,,3.37228,3.49698,3.45406,3.41144,3.37232,3.33474,3.29904,3.40427,3.50925,3.61402,3.71807,3.82416,3.82179,3.81531,4.26186,4.70706,4.68899,4.69468,4.70404,4.71317,4.72395,4.73707,4.45487,3.69708,3.65305,3.5844,3.59952,3.68549,3.7893,4.45126,4.32672,3.93157,4.68561
